"count_point_id","direction_of_travel","year","count_date","hour","region_id","region_name","local_authority_id","local_authority_name","road_name","road_type","start_junction_road_name","end_junction_road_name","easting","northing","latitude","longitude","link_length_km","link_length_miles","pedal_cycles","two_wheeled_motor_vehicles","cars_and_taxis","buses_and_coaches","lgvs","hgvs_2_rigid_axle","hgvs_3_rigid_axle","hgvs_4_or_more_rigid_axle","hgvs_3_or_4_articulated_axle","hgvs_5_articulated_axle","hgvs_6_articulated_axle","all_hgvs","all_motor_vehicles"
52,"E",2019,"2019-09-06",17,1,"South West",1,"Isles of Scilly","A3112","Major","A3111","A3110",91203,10217,49.91223900,-6.30284770,2.00,1.24,6,1,16,0,8,0,0,0,0,0,0,0,25
52,"E",2019,"2019-09-06",12,1,"South West",1,"Isles of Scilly","A3112","Major","A3111","A3110",91203,10217,49.91223900,-6.30284770,2.00,1.24,9,1,28,0,8,0,0,0,0,0,0,0,37
52,"E",2019,"2019-09-06",14,1,"South West",1,"Isles of Scilly","A3112","Major","A3111","A3110",91203,10217,49.91223900,-6.30284770,2.00,1.24,7,0,18,0,9,0,0,0,0,0,0,0,27
52,"W",2019,"2019-09-06",14,1,"South West",1,"Isles of Scilly","A3112","Major","A3111","A3110",91203,10217,49.91223900,-6.30284770,2.00,1.24,3,1,20,1,11,0,0,0,0,0,0,0,33
52,"W",2019,"2019-09-06",12,1,"South West",1,"Isles of Scilly","A3112","Major","A3111","A3110",91203,10217,49.91223900,-6.30284770,2.00,1.24,3,0,19,1,9,0,0,0,0,0,0,0,29
52,"W",2019,"2019-09-06",17,1,"South West",1,"Isles of Scilly","A3112","Major","A3111","A3110",91203,10217,49.91223900,-6.30284770,2.00,1.24,4,2,8,1,12,0,0,0,0,0,0,0,23
52,"W",2019,"2019-09-06",18,1,"South West",1,"Isles of Scilly","A3112","Major","A3111","A3110",91203,10217,49.91223900,-6.30284770,2.00,1.24,4,0,13,0,6,0,0,0,0,0,0,0,19
52,"E",2019,"2019-09-06",9,1,"South West",1,"Isles of Scilly","A3112","Major","A3111","A3110",91203,10217,49.91223900,-6.30284770,2.00,1.24,4,0,19,0,12,1,0,0,0,0,0,1,32
52,"W",2019,"2019-09-06",10,1,"South West",1,"Isles of Scilly","A3112","Major","A3111","A3110",91203,10217,49.91223900,-6.30284770,2.00,1.24,3,1,24,1,12,0,0,0,0,0,0,0,38
52,"E",2019,"2019-09-06",8,1,"South West",1,"Isles of Scilly","A3112","Major","A3111","A3110",91203,10217,49.91223900,-6.30284770,2.00,1.24,4,1,9,0,7,0,0,0,0,0,0,0,17
52,"E",2019,"2019-09-06",18,1,"South West",1,"Isles of Scilly","A3112","Major","A3111","A3110",91203,10217,49.91223900,-6.30284770,2.00,1.24,0,1,10,0,3,0,0,0,0,0,0,0,14
52,"W",2019,"2019-09-06",15,1,"South West",1,"Isles of Scilly","A3112","Major","A3111","A3110",91203,10217,49.91223900,-6.30284770,2.00,1.24,5,1,27,1,22,0,0,0,0,0,0,0,51
52,"E",2019,"2019-09-06",13,1,"South West",1,"Isles of Scilly","A3112","Major","A3111","A3110",91203,10217,49.91223900,-6.30284770,2.00,1.24,8,0,22,0,6,0,0,0,0,0,0,0,28
52,"E",2019,"2019-09-06",10,1,"South West",1,"Isles of Scilly","A3112","Major","A3111","A3110",91203,10217,49.91223900,-6.30284770,2.00,1.24,7,1,20,0,7,2,0,0,0,0,0,2,30
52,"W",2019,"2019-09-06",16,1,"South West",1,"Isles of Scilly","A3112","Major","A3111","A3110",91203,10217,49.91223900,-6.30284770,2.00,1.24,6,2,17,1,16,0,0,0,0,0,0,0,36
52,"E",2019,"2019-09-06",11,1,"South West",1,"Isles of Scilly","A3112","Major","A3111","A3110",91203,10217,49.91223900,-6.30284770,2.00,1.24,8,2,14,0,7,0,0,0,0,0,0,0,23
52,"E",2019,"2019-09-06",7,1,"South West",1,"Isles of Scilly","A3112","Major","A3111","A3110",91203,10217,49.91223900,-6.30284770,2.00,1.24,3,1,4,0,4,0,0,0,0,0,0,0,9
52,"W",2019,"2019-09-06",7,1,"South West",1,"Isles of Scilly","A3112","Major","A3111","A3110",91203,10217,49.91223900,-6.30284770,2.00,1.24,4,0,10,0,6,0,0,0,0,0,0,0,16
52,"W",2019,"2019-09-06",8,1,"South West",1,"Isles of Scilly","A3112","Major","A3111","A3110",91203,10217,49.91223900,-6.30284770,2.00,1.24,41,2,33,0,10,0,0,0,0,0,0,0,45
52,"W",2019,"2019-09-06",13,1,"South West",1,"Isles of Scilly","A3112","Major","A3111","A3110",91203,10217,49.91223900,-6.30284770,2.00,1.24,3,0,15,0,11,1,0,0,0,0,0,1,27
52,"W",2019,"2019-09-06",9,1,"South West",1,"Isles of Scilly","A3112","Major","A3111","A3110",91203,10217,49.91223900,-6.30284770,2.00,1.24,10,3,20,1,16,1,0,0,0,0,0,1,41
52,"E",2019,"2019-09-06",15,1,"South West",1,"Isles of Scilly","A3112","Major","A3111","A3110",91203,10217,49.91223900,-6.30284770,2.00,1.24,29,1,33,0,11,0,0,0,0,0,0,0,45
52,"W",2019,"2019-09-06",11,1,"South West",1,"Isles of Scilly","A3112","Major","A3111","A3110",91203,10217,49.91223900,-6.30284770,2.00,1.24,3,2,7,1,21,0,0,0,0,0,0,0,31
52,"E",2019,"2019-09-06",16,1,"South West",1,"Isles of Scilly","A3112","Major","A3111","A3110",91203,10217,49.91223900,-6.30284770,2.00,1.24,9,1,13,0,7,0,0,0,0,0,0,0,21
6016,"W",2019,"2019-10-02",14,1,"South West",68,"Wiltshire","M4","Major","LA Boundary",17,389200,179080,51.51054200,-2.15701490,10.00,6.21,0,5,1522,7,554,44,19,11,18,67,95,254,2342
6016,"E",2019,"2019-10-02",10,1,"South West",68,"Wiltshire","M4","Major","LA Boundary",17,389200,179080,51.51054200,-2.15701490,10.00,6.21,0,5,1124,14,351,52,12,15,20,90,84,273,1767
6016,"W",2019,"2019-10-02",9,1,"South West",68,"Wiltshire","M4","Major","LA Boundary",17,389200,179080,51.51054200,-2.15701490,10.00,6.21,0,12,1352,11,336,19,10,11,10,85,43,178,1889
6016,"E",2019,"2019-10-02",7,1,"South West",68,"Wiltshire","M4","Major","LA Boundary",17,389200,179080,51.51054200,-2.15701490,10.00,6.21,0,9,2284,11,701,55,13,20,9,72,58,227,3232
6016,"E",2019,"2019-10-02",9,1,"South West",68,"Wiltshire","M4","Major","LA Boundary",17,389200,179080,51.51054200,-2.15701490,10.00,6.21,0,5,1434,14,411,47,10,10,11,86,84,248,2112
6016,"E",2019,"2019-10-02",13,1,"South West",68,"Wiltshire","M4","Major","LA Boundary",17,389200,179080,51.51054200,-2.15701490,10.00,6.21,0,4,1337,10,366,48,7,14,14,102,77,262,1979
6016,"W",2019,"2019-10-02",15,1,"South West",68,"Wiltshire","M4","Major","LA Boundary",17,389200,179080,51.51054200,-2.15701490,10.00,6.21,0,5,1843,11,614,61,8,7,13,67,112,268,2741
6016,"W",2019,"2019-10-02",16,1,"South West",68,"Wiltshire","M4","Major","LA Boundary",17,389200,179080,51.51054200,-2.15701490,10.00,6.21,0,7,1468,8,446,22,4,14,6,29,52,127,2056
6016,"E",2019,"2019-10-02",16,1,"South West",68,"Wiltshire","M4","Major","LA Boundary",17,389200,179080,51.51054200,-2.15701490,10.00,6.21,0,6,1999,7,407,42,1,3,13,78,62,199,2618
6016,"E",2019,"2019-10-02",11,1,"South West",68,"Wiltshire","M4","Major","LA Boundary",17,389200,179080,51.51054200,-2.15701490,10.00,6.21,0,1,1248,10,333,36,7,9,15,82,94,243,1835
6016,"W",2019,"2019-10-02",10,1,"South West",68,"Wiltshire","M4","Major","LA Boundary",17,389200,179080,51.51054200,-2.15701490,10.00,6.21,0,1,1307,18,341,31,12,14,14,96,78,245,1912
6016,"E",2019,"2019-10-02",17,1,"South West",68,"Wiltshire","M4","Major","LA Boundary",17,389200,179080,51.51054200,-2.15701490,10.00,6.21,0,8,1981,14,286,23,2,2,12,85,74,198,2487
6016,"E",2019,"2019-10-02",18,1,"South West",68,"Wiltshire","M4","Major","LA Boundary",17,389200,179080,51.51054200,-2.15701490,10.00,6.21,0,4,1422,10,224,26,2,1,9,77,46,161,1821
6016,"W",2019,"2019-10-02",8,1,"South West",68,"Wiltshire","M4","Major","LA Boundary",17,389200,179080,51.51054200,-2.15701490,10.00,6.21,0,11,1657,1,349,29,5,9,6,78,80,207,2225
6016,"E",2019,"2019-10-02",8,1,"South West",68,"Wiltshire","M4","Major","LA Boundary",17,389200,179080,51.51054200,-2.15701490,10.00,6.21,0,8,2174,8,574,87,11,18,6,63,105,290,3054
6016,"E",2019,"2019-10-02",14,1,"South West",68,"Wiltshire","M4","Major","LA Boundary",17,389200,179080,51.51054200,-2.15701490,10.00,6.21,0,4,1403,20,407,50,6,13,9,128,74,280,2114
6016,"E",2019,"2019-10-02",15,1,"South West",68,"Wiltshire","M4","Major","LA Boundary",17,389200,179080,51.51054200,-2.15701490,10.00,6.21,0,9,1728,11,429,36,6,9,19,92,91,253,2430
6016,"W",2019,"2019-10-02",7,1,"South West",68,"Wiltshire","M4","Major","LA Boundary",17,389200,179080,51.51054200,-2.15701490,10.00,6.21,0,7,1961,1,481,40,9,5,6,79,96,235,2685
6016,"E",2019,"2019-10-02",12,1,"South West",68,"Wiltshire","M4","Major","LA Boundary",17,389200,179080,51.51054200,-2.15701490,10.00,6.21,0,1,1157,12,334,45,7,11,13,93,79,248,1752
6016,"W",2019,"2019-10-02",11,1,"South West",68,"Wiltshire","M4","Major","LA Boundary",17,389200,179080,51.51054200,-2.15701490,10.00,6.21,0,8,1254,3,378,27,14,8,13,74,76,212,1855
6016,"W",2019,"2019-10-02",12,1,"South West",68,"Wiltshire","M4","Major","LA Boundary",17,389200,179080,51.51054200,-2.15701490,10.00,6.21,0,7,1243,15,387,46,7,17,14,79,97,260,1912
6016,"W",2019,"2019-10-02",13,1,"South West",68,"Wiltshire","M4","Major","LA Boundary",17,389200,179080,51.51054200,-2.15701490,10.00,6.21,0,7,1247,9,448,46,8,20,15,45,88,222,1933
6016,"W",2019,"2019-10-02",17,1,"South West",68,"Wiltshire","M4","Major","LA Boundary",17,389200,179080,51.51054200,-2.15701490,10.00,6.21,0,12,1696,5,351,15,3,2,4,18,44,86,2150
6016,"W",2019,"2019-10-02",18,1,"South West",68,"Wiltshire","M4","Major","LA Boundary",17,389200,179080,51.51054200,-2.15701490,10.00,6.21,0,7,1613,7,249,14,3,3,8,22,23,73,1949
6019,"S",2019,"2019-06-17",10,1,"South West",70,"Gloucestershire","M5","Major",11,10,389660,223200,51.90723900,-2.15171000,4.70,2.92,0,2,2651,15,519,133,14,13,17,35,250,462,3649
6019,"S",2019,"2019-06-17",12,1,"South West",70,"Gloucestershire","M5","Major",11,10,389660,223200,51.90723900,-2.15171000,4.70,2.92,0,14,2548,16,423,107,14,17,23,21,198,380,3381
6019,"N",2019,"2019-06-17",9,1,"South West",70,"Gloucestershire","M5","Major",11,10,389660,223200,51.90723900,-2.15171000,4.70,2.92,0,2,1705,10,398,93,12,14,13,35,205,372,2487
6019,"S",2019,"2019-06-17",11,1,"South West",70,"Gloucestershire","M5","Major",11,10,389660,223200,51.90723900,-2.15171000,4.70,2.92,0,4,2709,12,446,108,12,8,14,27,201,370,3541
6019,"N",2019,"2019-06-17",18,1,"South West",70,"Gloucestershire","M5","Major",11,10,389660,223200,51.90723900,-2.15171000,4.70,2.92,0,7,1978,5,268,54,2,0,17,45,208,326,2584
6019,"N",2019,"2019-06-17",7,1,"South West",70,"Gloucestershire","M5","Major",11,10,389660,223200,51.90723900,-2.15171000,4.70,2.92,0,9,2029,3,477,80,24,10,9,14,192,329,2847
6019,"S",2019,"2019-06-17",13,1,"South West",70,"Gloucestershire","M5","Major",11,10,389660,223200,51.90723900,-2.15171000,4.70,2.92,0,17,2318,25,403,115,16,13,21,33,235,433,3196
6019,"N",2019,"2019-06-17",10,1,"South West",70,"Gloucestershire","M5","Major",11,10,389660,223200,51.90723900,-2.15171000,4.70,2.92,0,4,1891,15,364,125,23,25,15,42,252,482,2756
6019,"S",2019,"2019-06-17",18,1,"South West",70,"Gloucestershire","M5","Major",11,10,389660,223200,51.90723900,-2.15171000,4.70,2.92,0,5,1634,5,246,37,4,3,6,30,162,242,2132
6019,"S",2019,"2019-06-17",7,1,"South West",70,"Gloucestershire","M5","Major",11,10,389660,223200,51.90723900,-2.15171000,4.70,2.92,0,10,2860,4,911,180,34,15,18,18,301,566,4351
6019,"N",2019,"2019-06-17",14,1,"South West",70,"Gloucestershire","M5","Major",11,10,389660,223200,51.90723900,-2.15171000,4.70,2.92,0,6,2172,5,544,132,25,9,15,31,239,451,3178
6019,"N",2019,"2019-06-17",16,1,"South West",70,"Gloucestershire","M5","Major",11,10,389660,223200,51.90723900,-2.15171000,4.70,2.92,0,9,2358,9,551,81,11,5,13,31,221,362,3289
6019,"S",2019,"2019-06-17",8,1,"South West",70,"Gloucestershire","M5","Major",11,10,389660,223200,51.90723900,-2.15171000,4.70,2.92,0,6,2488,6,645,146,17,18,15,16,218,430,3575
6019,"N",2019,"2019-06-17",11,1,"South West",70,"Gloucestershire","M5","Major",11,10,389660,223200,51.90723900,-2.15171000,4.70,2.92,0,6,2100,29,416,113,21,15,17,38,235,439,2990
6019,"S",2019,"2019-06-17",14,1,"South West",70,"Gloucestershire","M5","Major",11,10,389660,223200,51.90723900,-2.15171000,4.70,2.92,0,17,2377,27,451,117,12,22,11,36,221,419,3291
6019,"N",2019,"2019-06-17",8,1,"South West",70,"Gloucestershire","M5","Major",11,10,389660,223200,51.90723900,-2.15171000,4.70,2.92,0,6,1974,9,425,99,12,10,6,27,198,352,2766
6019,"N",2019,"2019-06-17",15,1,"South West",70,"Gloucestershire","M5","Major",11,10,389660,223200,51.90723900,-2.15171000,4.70,2.92,0,7,2234,3,562,127,22,12,14,27,214,416,3222
6019,"S",2019,"2019-06-17",15,1,"South West",70,"Gloucestershire","M5","Major",11,10,389660,223200,51.90723900,-2.15171000,4.70,2.92,0,4,2189,16,440,91,23,13,10,36,203,376,3025
6019,"N",2019,"2019-06-17",17,1,"South West",70,"Gloucestershire","M5","Major",11,10,389660,223200,51.90723900,-2.15171000,4.70,2.92,0,8,2669,12,403,64,21,7,10,47,239,388,3480
6019,"S",2019,"2019-06-17",17,1,"South West",70,"Gloucestershire","M5","Major",11,10,389660,223200,51.90723900,-2.15171000,4.70,2.92,0,14,2227,6,322,60,1,4,8,25,176,274,2843
6019,"N",2019,"2019-06-17",13,1,"South West",70,"Gloucestershire","M5","Major",11,10,389660,223200,51.90723900,-2.15171000,4.70,2.92,0,8,2246,12,539,125,21,14,18,30,269,477,3282
6019,"S",2019,"2019-06-17",9,1,"South West",70,"Gloucestershire","M5","Major",11,10,389660,223200,51.90723900,-2.15171000,4.70,2.92,0,8,2218,12,567,128,22,11,22,20,218,421,3226
6019,"S",2019,"2019-06-17",16,1,"South West",70,"Gloucestershire","M5","Major",11,10,389660,223200,51.90723900,-2.15171000,4.70,2.92,0,10,2240,16,475,84,7,4,1,21,174,291,3032
6019,"N",2019,"2019-06-17",12,1,"South West",70,"Gloucestershire","M5","Major",11,10,389660,223200,51.90723900,-2.15171000,4.70,2.92,0,4,2285,8,460,135,23,7,9,35,252,461,3218
6022,"S",2019,"2019-06-14",12,1,"South West",5,"Somerset","M5","Major",24,23,330800,134540,51.10596300,-2.98979450,8.00,4.97,0,3,2908,14,383,36,17,7,5,73,51,189,3497
6022,"N",2019,"2019-06-14",18,1,"South West",5,"Somerset","M5","Major",24,23,330800,134540,51.10596300,-2.98979450,8.00,4.97,0,10,2076,3,283,41,11,5,6,42,21,126,2498
6022,"S",2019,"2019-06-14",7,1,"South West",5,"Somerset","M5","Major",24,23,330800,134540,51.10596300,-2.98979450,8.00,4.97,0,2,1478,4,583,72,26,21,22,90,76,307,2374
6022,"S",2019,"2019-06-14",16,1,"South West",5,"Somerset","M5","Major",24,23,330800,134540,51.10596300,-2.98979450,8.00,4.97,0,11,3460,20,519,33,4,3,13,48,37,138,4148
6022,"N",2019,"2019-06-14",12,1,"South West",5,"Somerset","M5","Major",24,23,330800,134540,51.10596300,-2.98979450,8.00,4.97,0,7,2927,13,397,82,28,21,7,60,35,233,3577
6022,"N",2019,"2019-06-14",8,1,"South West",5,"Somerset","M5","Major",24,23,330800,134540,51.10596300,-2.98979450,8.00,4.97,0,6,1738,6,461,76,23,14,10,40,64,227,2438
6022,"N",2019,"2019-06-14",9,1,"South West",5,"Somerset","M5","Major",24,23,330800,134540,51.10596300,-2.98979450,8.00,4.97,0,5,1938,32,378,114,24,24,12,49,75,298,2651
6022,"N",2019,"2019-06-14",13,1,"South West",5,"Somerset","M5","Major",24,23,330800,134540,51.10596300,-2.98979450,8.00,4.97,0,12,2948,14,472,77,27,9,16,56,60,245,3691
6022,"N",2019,"2019-06-14",16,1,"South West",5,"Somerset","M5","Major",24,23,330800,134540,51.10596300,-2.98979450,8.00,4.97,0,8,3154,7,551,69,12,14,11,40,54,200,3920
6022,"S",2019,"2019-06-14",10,1,"South West",5,"Somerset","M5","Major",24,23,330800,134540,51.10596300,-2.98979450,8.00,4.97,0,1,2285,11,381,39,15,13,29,81,46,223,2901
6022,"S",2019,"2019-06-14",8,1,"South West",5,"Somerset","M5","Major",24,23,330800,134540,51.10596300,-2.98979450,8.00,4.97,0,2,1730,9,427,67,15,28,21,87,74,292,2460
6022,"N",2019,"2019-06-14",10,1,"South West",5,"Somerset","M5","Major",24,23,330800,134540,51.10596300,-2.98979450,8.00,4.97,0,14,3138,68,446,96,18,23,16,54,86,293,3959
6022,"N",2019,"2019-06-14",14,1,"South West",5,"Somerset","M5","Major",24,23,330800,134540,51.10596300,-2.98979450,8.00,4.97,0,6,2383,25,459,69,24,14,10,33,69,219,3092
6022,"S",2019,"2019-06-14",18,1,"South West",5,"Somerset","M5","Major",24,23,330800,134540,51.10596300,-2.98979450,8.00,4.97,0,6,2921,21,345,17,2,1,7,41,31,99,3392
6022,"N",2019,"2019-06-14",7,1,"South West",5,"Somerset","M5","Major",24,23,330800,134540,51.10596300,-2.98979450,8.00,4.97,0,3,1641,17,489,15,15,25,10,34,73,172,2322
6022,"S",2019,"2019-06-14",15,1,"South West",5,"Somerset","M5","Major",24,23,330800,134540,51.10596300,-2.98979450,8.00,4.97,0,12,3253,19,506,38,9,5,9,50,45,156,3946
6022,"S",2019,"2019-06-14",9,1,"South West",5,"Somerset","M5","Major",24,23,330800,134540,51.10596300,-2.98979450,8.00,4.97,0,5,1702,20,341,44,14,18,18,88,69,251,2319
6022,"S",2019,"2019-06-14",14,1,"South West",5,"Somerset","M5","Major",24,23,330800,134540,51.10596300,-2.98979450,8.00,4.97,0,3,2759,13,371,34,13,5,11,68,40,171,3317
6022,"N",2019,"2019-06-14",11,1,"South West",5,"Somerset","M5","Major",24,23,330800,134540,51.10596300,-2.98979450,8.00,4.97,0,6,3446,39,426,68,26,21,10,85,69,279,4196
6022,"N",2019,"2019-06-14",17,1,"South West",5,"Somerset","M5","Major",24,23,330800,134540,51.10596300,-2.98979450,8.00,4.97,0,5,2553,14,343,38,7,4,9,36,21,115,3030
6022,"S",2019,"2019-06-14",11,1,"South West",5,"Somerset","M5","Major",24,23,330800,134540,51.10596300,-2.98979450,8.00,4.97,0,8,2804,21,442,33,8,10,23,63,39,176,3451
6022,"N",2019,"2019-06-14",15,1,"South West",5,"Somerset","M5","Major",24,23,330800,134540,51.10596300,-2.98979450,8.00,4.97,0,5,2703,20,481,75,23,30,9,45,48,230,3439
6022,"S",2019,"2019-06-14",13,1,"South West",5,"Somerset","M5","Major",24,23,330800,134540,51.10596300,-2.98979450,8.00,4.97,0,10,2944,8,413,36,8,7,13,67,41,172,3547
6022,"S",2019,"2019-06-14",17,1,"South West",5,"Somerset","M5","Major",24,23,330800,134540,51.10596300,-2.98979450,8.00,4.97,0,8,3309,20,397,18,4,1,14,43,26,106,3840
6402,"N",2019,"2019-06-28",18,1,"South West",5,"Somerset","A38","Major","A371","A371",342111,155157,51.29258700,-2.83158590,1.00,0.62,2,1,241,1,45,2,0,0,0,1,0,3,291
6402,"N",2019,"2019-06-28",12,1,"South West",5,"Somerset","A38","Major","A371","A371",342111,155157,51.29258700,-2.83158590,1.00,0.62,1,0,266,2,77,7,3,1,3,1,1,16,361
6402,"S",2019,"2019-06-28",14,1,"South West",5,"Somerset","A38","Major","A371","A371",342111,155157,51.29258700,-2.83158590,1.00,0.62,0,8,467,2,135,5,1,0,0,3,2,11,623
6402,"S",2019,"2019-06-28",8,1,"South West",5,"Somerset","A38","Major","A371","A371",342111,155157,51.29258700,-2.83158590,1.00,0.62,1,3,222,2,81,11,2,3,1,1,1,19,327
6402,"S",2019,"2019-06-28",17,1,"South West",5,"Somerset","A38","Major","A371","A371",342111,155157,51.29258700,-2.83158590,1.00,0.62,0,8,501,3,68,4,0,0,0,1,2,7,587
6402,"N",2019,"2019-06-28",17,1,"South West",5,"Somerset","A38","Major","A371","A371",342111,155157,51.29258700,-2.83158590,1.00,0.62,1,3,333,4,50,1,0,1,3,0,0,5,395
6402,"N",2019,"2019-06-28",10,1,"South West",5,"Somerset","A38","Major","A371","A371",342111,155157,51.29258700,-2.83158590,1.00,0.62,2,3,268,2,45,10,1,0,0,2,1,14,332
6402,"N",2019,"2019-06-28",14,1,"South West",5,"Somerset","A38","Major","A371","A371",342111,155157,51.29258700,-2.83158590,1.00,0.62,0,1,337,1,72,9,3,4,0,5,1,22,433
6402,"S",2019,"2019-06-28",9,1,"South West",5,"Somerset","A38","Major","A371","A371",342111,155157,51.29258700,-2.83158590,1.00,0.62,0,0,217,0,61,8,0,0,0,0,0,8,286
6402,"S",2019,"2019-06-28",7,1,"South West",5,"Somerset","A38","Major","A371","A371",342111,155157,51.29258700,-2.83158590,1.00,0.62,3,2,178,4,64,5,0,7,0,7,4,23,271
6402,"S",2019,"2019-06-28",10,1,"South West",5,"Somerset","A38","Major","A371","A371",342111,155157,51.29258700,-2.83158590,1.00,0.62,0,7,300,3,45,7,0,0,0,2,1,10,365
6402,"N",2019,"2019-06-28",13,1,"South West",5,"Somerset","A38","Major","A371","A371",342111,155157,51.29258700,-2.83158590,1.00,0.62,0,1,301,2,70,7,1,3,2,1,0,14,388
6402,"N",2019,"2019-06-28",7,1,"South West",5,"Somerset","A38","Major","A371","A371",342111,155157,51.29258700,-2.83158590,1.00,0.62,1,6,254,5,100,0,0,2,1,5,0,8,373
6402,"N",2019,"2019-06-28",8,1,"South West",5,"Somerset","A38","Major","A371","A371",342111,155157,51.29258700,-2.83158590,1.00,0.62,0,2,254,1,72,9,0,4,0,0,0,13,342
6402,"N",2019,"2019-06-28",11,1,"South West",5,"Somerset","A38","Major","A371","A371",342111,155157,51.29258700,-2.83158590,1.00,0.62,2,6,287,3,55,8,1,4,1,3,0,17,368
6402,"S",2019,"2019-06-28",18,1,"South West",5,"Somerset","A38","Major","A371","A371",342111,155157,51.29258700,-2.83158590,1.00,0.62,0,11,425,2,53,4,0,1,0,0,2,7,498
6402,"S",2019,"2019-06-28",11,1,"South West",5,"Somerset","A38","Major","A371","A371",342111,155157,51.29258700,-2.83158590,1.00,0.62,1,5,250,2,55,8,3,1,0,0,1,13,325
6402,"N",2019,"2019-06-28",16,1,"South West",5,"Somerset","A38","Major","A371","A371",342111,155157,51.29258700,-2.83158590,1.00,0.62,0,5,344,2,82,3,0,0,1,4,0,8,441
6402,"S",2019,"2019-06-28",12,1,"South West",5,"Somerset","A38","Major","A371","A371",342111,155157,51.29258700,-2.83158590,1.00,0.62,2,4,378,3,69,9,3,1,0,2,3,18,472
6402,"S",2019,"2019-06-28",15,1,"South West",5,"Somerset","A38","Major","A371","A371",342111,155157,51.29258700,-2.83158590,1.00,0.62,0,2,484,3,132,4,2,1,1,1,5,14,635
6402,"N",2019,"2019-06-28",15,1,"South West",5,"Somerset","A38","Major","A371","A371",342111,155157,51.29258700,-2.83158590,1.00,0.62,0,4,321,4,74,1,0,0,0,2,0,3,406
6402,"N",2019,"2019-06-28",9,1,"South West",5,"Somerset","A38","Major","A371","A371",342111,155157,51.29258700,-2.83158590,1.00,0.62,1,3,219,3,50,7,1,3,0,1,3,15,290
6402,"S",2019,"2019-06-28",13,1,"South West",5,"Somerset","A38","Major","A371","A371",342111,155157,51.29258700,-2.83158590,1.00,0.62,3,10,455,3,90,4,1,1,1,1,1,9,567
6402,"S",2019,"2019-06-28",16,1,"South West",5,"Somerset","A38","Major","A371","A371",342111,155157,51.29258700,-2.83158590,1.00,0.62,1,4,529,4,109,1,0,1,0,0,3,5,651
6409,"S",2019,"2019-07-17",18,1,"South West",71,"Devon","A38","Major","B3380 Cave Inn Rndbt","B3352",274755,68031,50.49865100,-3.76728570,2.20,1.37,0,11,1189,9,292,16,2,3,4,22,3,50,1551
6409,"S",2019,"2019-07-17",13,1,"South West",71,"Devon","A38","Major","B3380 Cave Inn Rndbt","B3352",274755,68031,50.49865100,-3.76728570,2.20,1.37,0,13,931,4,269,54,5,8,4,34,14,119,1336
6409,"N",2019,"2019-07-17",8,1,"South West",71,"Devon","A38","Major","B3380 Cave Inn Rndbt","B3352",274755,68031,50.49865100,-3.76728570,2.20,1.37,0,14,1486,11,448,71,7,12,4,44,16,154,2113
6409,"N",2019,"2019-07-17",17,1,"South West",71,"Devon","A38","Major","B3380 Cave Inn Rndbt","B3352",274755,68031,50.49865100,-3.76728570,2.20,1.37,0,16,1375,7,414,49,3,2,5,18,7,84,1896
6409,"S",2019,"2019-07-17",17,1,"South West",71,"Devon","A38","Major","B3380 Cave Inn Rndbt","B3352",274755,68031,50.49865100,-3.76728570,2.20,1.37,0,23,1855,6,531,37,8,6,1,22,8,82,2497
6409,"N",2019,"2019-07-17",11,1,"South West",71,"Devon","A38","Major","B3380 Cave Inn Rndbt","B3352",274755,68031,50.49865100,-3.76728570,2.20,1.37,0,11,957,5,324,51,12,9,11,44,19,146,1443
6409,"N",2019,"2019-07-17",16,1,"South West",71,"Devon","A38","Major","B3380 Cave Inn Rndbt","B3352",274755,68031,50.49865100,-3.76728570,2.20,1.37,0,19,1228,11,436,46,13,9,10,30,16,124,1818
6409,"S",2019,"2019-07-17",11,1,"South West",71,"Devon","A38","Major","B3380 Cave Inn Rndbt","B3352",274755,68031,50.49865100,-3.76728570,2.20,1.37,0,4,959,6,287,54,12,10,9,33,17,135,1391
6409,"N",2019,"2019-07-17",18,1,"South West",71,"Devon","A38","Major","B3380 Cave Inn Rndbt","B3352",274755,68031,50.49865100,-3.76728570,2.20,1.37,0,9,963,3,227,21,4,5,2,14,5,51,1253
6409,"S",2019,"2019-07-17",12,1,"South West",71,"Devon","A38","Major","B3380 Cave Inn Rndbt","B3352",274755,68031,50.49865100,-3.76728570,2.20,1.37,0,16,906,5,307,59,9,10,4,27,18,127,1361
6409,"N",2019,"2019-07-17",9,1,"South West",71,"Devon","A38","Major","B3380 Cave Inn Rndbt","B3352",274755,68031,50.49865100,-3.76728570,2.20,1.37,0,6,1140,8,352,57,8,10,15,47,23,160,1666
6409,"N",2019,"2019-07-17",13,1,"South West",71,"Devon","A38","Major","B3380 Cave Inn Rndbt","B3352",274755,68031,50.49865100,-3.76728570,2.20,1.37,0,11,912,4,325,65,12,12,4,42,17,152,1404
6409,"S",2019,"2019-07-17",8,1,"South West",71,"Devon","A38","Major","B3380 Cave Inn Rndbt","B3352",274755,68031,50.49865100,-3.76728570,2.20,1.37,0,4,1224,8,501,67,12,13,11,46,16,165,1902
6409,"S",2019,"2019-07-17",14,1,"South West",71,"Devon","A38","Major","B3380 Cave Inn Rndbt","B3352",274755,68031,50.49865100,-3.76728570,2.20,1.37,0,11,990,7,326,62,8,12,9,34,19,144,1478
6409,"N",2019,"2019-07-17",12,1,"South West",71,"Devon","A38","Major","B3380 Cave Inn Rndbt","B3352",274755,68031,50.49865100,-3.76728570,2.20,1.37,0,7,995,4,309,85,7,11,16,62,14,195,1510
6409,"S",2019,"2019-07-17",10,1,"South West",71,"Devon","A38","Major","B3380 Cave Inn Rndbt","B3352",274755,68031,50.49865100,-3.76728570,2.20,1.37,0,9,969,11,349,46,7,15,3,56,23,150,1488
6409,"S",2019,"2019-07-17",15,1,"South West",71,"Devon","A38","Major","B3380 Cave Inn Rndbt","B3352",274755,68031,50.49865100,-3.76728570,2.20,1.37,0,17,1126,6,383,55,8,10,9,27,11,120,1652
6409,"N",2019,"2019-07-17",14,1,"South West",71,"Devon","A38","Major","B3380 Cave Inn Rndbt","B3352",274755,68031,50.49865100,-3.76728570,2.20,1.37,0,4,952,11,356,82,8,11,8,37,15,161,1484
6409,"N",2019,"2019-07-17",15,1,"South West",71,"Devon","A38","Major","B3380 Cave Inn Rndbt","B3352",274755,68031,50.49865100,-3.76728570,2.20,1.37,0,9,1087,11,433,47,11,10,11,36,18,133,1673
6409,"N",2019,"2019-07-17",10,1,"South West",71,"Devon","A38","Major","B3380 Cave Inn Rndbt","B3352",274755,68031,50.49865100,-3.76728570,2.20,1.37,0,9,1122,4,302,51,15,9,10,54,16,155,1592
6409,"S",2019,"2019-07-17",7,1,"South West",71,"Devon","A38","Major","B3380 Cave Inn Rndbt","B3352",274755,68031,50.49865100,-3.76728570,2.20,1.37,0,10,918,2,545,56,19,14,9,68,10,176,1651
6409,"S",2019,"2019-07-17",16,1,"South West",71,"Devon","A38","Major","B3380 Cave Inn Rndbt","B3352",274755,68031,50.49865100,-3.76728570,2.20,1.37,0,20,1530,13,543,52,9,15,4,18,8,106,2212
6409,"S",2019,"2019-07-17",9,1,"South West",71,"Devon","A38","Major","B3380 Cave Inn Rndbt","B3352",274755,68031,50.49865100,-3.76728570,2.20,1.37,0,11,997,16,403,73,13,10,2,47,13,158,1585
6409,"N",2019,"2019-07-17",7,1,"South West",71,"Devon","A38","Major","B3380 Cave Inn Rndbt","B3352",274755,68031,50.49865100,-3.76728570,2.20,1.37,0,23,1572,12,601,43,13,20,4,23,15,118,2326
6418,"N",2019,"2019-09-05",17,1,"South West",71,"Devon","A39","Major","Westaway Plain","B3230",256227,135239,51.09838000,-4.05469120,0.80,0.50,9,8,439,2,71,0,0,0,0,0,1,1,521
6418,"S",2019,"2019-09-05",8,1,"South West",71,"Devon","A39","Major","Westaway Plain","B3230",256227,135239,51.09838000,-4.05469120,0.80,0.50,1,3,395,2,58,4,0,0,0,1,0,5,463
6418,"N",2019,"2019-09-05",10,1,"South West",71,"Devon","A39","Major","Westaway Plain","B3230",256227,135239,51.09838000,-4.05469120,0.80,0.50,1,5,220,2,51,6,1,0,0,1,0,8,286
6418,"S",2019,"2019-09-05",17,1,"South West",71,"Devon","A39","Major","Westaway Plain","B3230",256227,135239,51.09838000,-4.05469120,0.80,0.50,1,5,145,2,79,1,0,0,0,0,0,1,232
6418,"N",2019,"2019-09-05",11,1,"South West",71,"Devon","A39","Major","Westaway Plain","B3230",256227,135239,51.09838000,-4.05469120,0.80,0.50,4,4,279,1,47,6,1,2,0,0,0,9,340
6418,"S",2019,"2019-09-05",14,1,"South West",71,"Devon","A39","Major","Westaway Plain","B3230",256227,135239,51.09838000,-4.05469120,0.80,0.50,0,2,211,2,63,4,3,1,1,0,0,9,287
6418,"N",2019,"2019-09-05",14,1,"South West",71,"Devon","A39","Major","Westaway Plain","B3230",256227,135239,51.09838000,-4.05469120,0.80,0.50,0,4,286,1,75,3,0,0,0,0,0,3,369
6418,"S",2019,"2019-09-05",11,1,"South West",71,"Devon","A39","Major","Westaway Plain","B3230",256227,135239,51.09838000,-4.05469120,0.80,0.50,4,6,251,1,76,6,2,0,0,0,0,8,342
6418,"N",2019,"2019-09-05",8,1,"South West",71,"Devon","A39","Major","Westaway Plain","B3230",256227,135239,51.09838000,-4.05469120,0.80,0.50,0,0,177,2,81,5,1,0,0,0,0,6,266
6418,"S",2019,"2019-09-05",10,1,"South West",71,"Devon","A39","Major","Westaway Plain","B3230",256227,135239,51.09838000,-4.05469120,0.80,0.50,0,4,339,3,43,2,2,1,1,1,0,7,396
6418,"S",2019,"2019-09-05",12,1,"South West",71,"Devon","A39","Major","Westaway Plain","B3230",256227,135239,51.09838000,-4.05469120,0.80,0.50,1,2,238,0,79,2,0,0,0,0,0,2,321
6418,"N",2019,"2019-09-05",7,1,"South West",71,"Devon","A39","Major","Westaway Plain","B3230",256227,135239,51.09838000,-4.05469120,0.80,0.50,0,4,148,2,55,2,1,1,1,1,0,6,215
6418,"S",2019,"2019-09-05",13,1,"South West",71,"Devon","A39","Major","Westaway Plain","B3230",256227,135239,51.09838000,-4.05469120,0.80,0.50,0,0,222,2,39,2,3,2,0,0,0,7,270
6418,"N",2019,"2019-09-05",15,1,"South West",71,"Devon","A39","Major","Westaway Plain","B3230",256227,135239,51.09838000,-4.05469120,0.80,0.50,0,6,308,3,70,5,0,1,2,0,0,8,395
6418,"N",2019,"2019-09-05",18,1,"South West",71,"Devon","A39","Major","Westaway Plain","B3230",256227,135239,51.09838000,-4.05469120,0.80,0.50,29,1,320,2,14,0,0,0,0,0,0,0,337
6418,"S",2019,"2019-09-05",16,1,"South West",71,"Devon","A39","Major","Westaway Plain","B3230",256227,135239,51.09838000,-4.05469120,0.80,0.50,1,6,325,6,50,1,0,0,0,0,0,1,388
6418,"S",2019,"2019-09-05",7,1,"South West",71,"Devon","A39","Major","Westaway Plain","B3230",256227,135239,51.09838000,-4.05469120,0.80,0.50,2,4,273,0,91,1,2,1,1,0,0,5,373
6418,"S",2019,"2019-09-05",15,1,"South West",71,"Devon","A39","Major","Westaway Plain","B3230",256227,135239,51.09838000,-4.05469120,0.80,0.50,0,3,313,2,49,4,3,1,0,0,1,9,376
6418,"N",2019,"2019-09-05",9,1,"South West",71,"Devon","A39","Major","Westaway Plain","B3230",256227,135239,51.09838000,-4.05469120,0.80,0.50,6,1,166,2,79,4,0,0,1,0,0,5,253
6418,"S",2019,"2019-09-05",9,1,"South West",71,"Devon","A39","Major","Westaway Plain","B3230",256227,135239,51.09838000,-4.05469120,0.80,0.50,1,3,341,2,50,4,2,1,1,1,0,9,405
6418,"N",2019,"2019-09-05",13,1,"South West",71,"Devon","A39","Major","Westaway Plain","B3230",256227,135239,51.09838000,-4.05469120,0.80,0.50,0,2,264,1,37,3,3,2,0,0,0,8,312
6418,"S",2019,"2019-09-05",18,1,"South West",71,"Devon","A39","Major","Westaway Plain","B3230",256227,135239,51.09838000,-4.05469120,0.80,0.50,5,8,139,0,31,1,0,0,1,3,0,5,183
6418,"N",2019,"2019-09-05",12,1,"South West",71,"Devon","A39","Major","Westaway Plain","B3230",256227,135239,51.09838000,-4.05469120,0.80,0.50,2,5,246,2,42,2,2,1,0,0,0,5,300
6418,"N",2019,"2019-09-05",16,1,"South West",71,"Devon","A39","Major","Westaway Plain","B3230",256227,135239,51.09838000,-4.05469120,0.80,0.50,4,3,351,0,81,1,0,1,0,0,0,2,437
6961,"S",2019,"2019-06-25",18,1,"South West",210,"Dorset","A352","Major","C19 Crossroads","B3146 Crossroads",365527,104991,50.84340800,-2.49099040,9.50,5.90,1,2,35,1,5,0,0,0,0,0,0,0,43
6961,"N",2019,"2019-06-25",14,1,"South West",210,"Dorset","A352","Major","C19 Crossroads","B3146 Crossroads",365527,104991,50.84340800,-2.49099040,9.50,5.90,0,2,41,1,8,0,1,0,0,0,0,1,53
6961,"N",2019,"2019-06-25",15,1,"South West",210,"Dorset","A352","Major","C19 Crossroads","B3146 Crossroads",365527,104991,50.84340800,-2.49099040,9.50,5.90,1,0,46,0,15,0,2,0,0,0,1,3,64
6961,"N",2019,"2019-06-25",18,1,"South West",210,"Dorset","A352","Major","C19 Crossroads","B3146 Crossroads",365527,104991,50.84340800,-2.49099040,9.50,5.90,3,0,28,1,2,0,0,0,0,0,0,0,31
6961,"S",2019,"2019-06-25",7,1,"South West",210,"Dorset","A352","Major","C19 Crossroads","B3146 Crossroads",365527,104991,50.84340800,-2.49099040,9.50,5.90,0,0,18,2,7,0,1,0,0,0,0,1,28
6961,"N",2019,"2019-06-25",12,1,"South West",210,"Dorset","A352","Major","C19 Crossroads","B3146 Crossroads",365527,104991,50.84340800,-2.49099040,9.50,5.90,4,0,36,0,7,0,0,0,0,0,0,0,43
6961,"N",2019,"2019-06-25",9,1,"South West",210,"Dorset","A352","Major","C19 Crossroads","B3146 Crossroads",365527,104991,50.84340800,-2.49099040,9.50,5.90,0,1,28,0,7,3,0,1,1,0,2,7,43
6961,"N",2019,"2019-06-25",16,1,"South West",210,"Dorset","A352","Major","C19 Crossroads","B3146 Crossroads",365527,104991,50.84340800,-2.49099040,9.50,5.90,1,0,50,2,15,3,0,0,1,0,1,5,72
6961,"S",2019,"2019-06-25",16,1,"South West",210,"Dorset","A352","Major","C19 Crossroads","B3146 Crossroads",365527,104991,50.84340800,-2.49099040,9.50,5.90,0,1,43,1,23,0,0,0,0,0,0,0,68
6961,"N",2019,"2019-06-25",13,1,"South West",210,"Dorset","A352","Major","C19 Crossroads","B3146 Crossroads",365527,104991,50.84340800,-2.49099040,9.50,5.90,2,1,24,0,10,2,2,1,1,0,0,6,41
6961,"S",2019,"2019-06-25",10,1,"South West",210,"Dorset","A352","Major","C19 Crossroads","B3146 Crossroads",365527,104991,50.84340800,-2.49099040,9.50,5.90,0,0,55,2,9,5,0,0,0,0,1,6,72
6961,"N",2019,"2019-06-25",8,1,"South West",210,"Dorset","A352","Major","C19 Crossroads","B3146 Crossroads",365527,104991,50.84340800,-2.49099040,9.50,5.90,0,1,33,0,19,1,1,0,0,0,0,2,55
6961,"N",2019,"2019-06-25",10,1,"South West",210,"Dorset","A352","Major","C19 Crossroads","B3146 Crossroads",365527,104991,50.84340800,-2.49099040,9.50,5.90,1,0,41,1,10,1,0,0,0,0,1,2,54
6961,"S",2019,"2019-06-25",17,1,"South West",210,"Dorset","A352","Major","C19 Crossroads","B3146 Crossroads",365527,104991,50.84340800,-2.49099040,9.50,5.90,0,0,44,0,15,0,1,0,0,0,0,1,60
6961,"N",2019,"2019-06-25",17,1,"South West",210,"Dorset","A352","Major","C19 Crossroads","B3146 Crossroads",365527,104991,50.84340800,-2.49099040,9.50,5.90,1,1,47,0,13,1,0,0,0,0,0,1,62
6961,"S",2019,"2019-06-25",15,1,"South West",210,"Dorset","A352","Major","C19 Crossroads","B3146 Crossroads",365527,104991,50.84340800,-2.49099040,9.50,5.90,0,0,33,0,11,1,0,0,0,0,0,1,45
6961,"S",2019,"2019-06-25",12,1,"South West",210,"Dorset","A352","Major","C19 Crossroads","B3146 Crossroads",365527,104991,50.84340800,-2.49099040,9.50,5.90,0,0,36,0,9,0,0,0,0,0,0,0,45
6961,"S",2019,"2019-06-25",13,1,"South West",210,"Dorset","A352","Major","C19 Crossroads","B3146 Crossroads",365527,104991,50.84340800,-2.49099040,9.50,5.90,0,3,28,1,9,0,2,0,0,0,2,4,45
6961,"S",2019,"2019-06-25",9,1,"South West",210,"Dorset","A352","Major","C19 Crossroads","B3146 Crossroads",365527,104991,50.84340800,-2.49099040,9.50,5.90,0,0,32,2,15,3,1,0,2,0,0,6,55
6961,"S",2019,"2019-06-25",8,1,"South West",210,"Dorset","A352","Major","C19 Crossroads","B3146 Crossroads",365527,104991,50.84340800,-2.49099040,9.50,5.90,0,1,40,0,15,3,0,1,0,2,0,6,62
6961,"S",2019,"2019-06-25",14,1,"South West",210,"Dorset","A352","Major","C19 Crossroads","B3146 Crossroads",365527,104991,50.84340800,-2.49099040,9.50,5.90,1,0,24,1,11,1,0,1,1,0,0,3,39
6961,"N",2019,"2019-06-25",7,1,"South West",210,"Dorset","A352","Major","C19 Crossroads","B3146 Crossroads",365527,104991,50.84340800,-2.49099040,9.50,5.90,0,0,32,1,11,1,0,0,0,0,0,1,45
6961,"N",2019,"2019-06-25",11,1,"South West",210,"Dorset","A352","Major","C19 Crossroads","B3146 Crossroads",365527,104991,50.84340800,-2.49099040,9.50,5.90,2,2,38,1,6,0,0,0,0,0,0,0,47
6961,"S",2019,"2019-06-25",11,1,"South West",210,"Dorset","A352","Major","C19 Crossroads","B3146 Crossroads",365527,104991,50.84340800,-2.49099040,9.50,5.90,0,0,31,0,7,2,0,0,0,1,1,4,42
6994,"E",2019,"2019-04-01",11,1,"South West",183,"North Somerset","A370","Major","B3133 Smallways","Chelvey Rd, Backwell",346160,166250,51.39272100,-2.77520540,6.00,3.73,2,3,309,5,76,9,3,0,0,1,1,14,407
6994,"W",2019,"2019-04-01",18,1,"South West",183,"North Somerset","A370","Major","B3133 Smallways","Chelvey Rd, Backwell",346160,166250,51.39272100,-2.77520540,6.00,3.73,7,18,595,7,60,2,0,1,0,0,0,3,683
6994,"W",2019,"2019-04-01",10,1,"South West",183,"North Somerset","A370","Major","B3133 Smallways","Chelvey Rd, Backwell",346160,166250,51.39272100,-2.77520540,6.00,3.73,1,2,294,4,64,14,0,1,1,1,6,23,387
6994,"W",2019,"2019-04-01",17,1,"South West",183,"North Somerset","A370","Major","B3133 Smallways","Chelvey Rd, Backwell",346160,166250,51.39272100,-2.77520540,6.00,3.73,8,26,725,5,120,2,0,0,0,0,1,3,879
6994,"W",2019,"2019-04-01",16,1,"South West",183,"North Somerset","A370","Major","B3133 Smallways","Chelvey Rd, Backwell",346160,166250,51.39272100,-2.77520540,6.00,3.73,3,15,659,6,118,6,4,0,0,0,2,12,810
6994,"W",2019,"2019-04-01",7,1,"South West",183,"North Somerset","A370","Major","B3133 Smallways","Chelvey Rd, Backwell",346160,166250,51.39272100,-2.77520540,6.00,3.73,1,5,318,6,93,8,4,3,0,0,4,19,441
6994,"E",2019,"2019-04-01",13,1,"South West",183,"North Somerset","A370","Major","B3133 Smallways","Chelvey Rd, Backwell",346160,166250,51.39272100,-2.77520540,6.00,3.73,0,2,367,7,58,16,0,2,1,2,1,22,456
6994,"E",2019,"2019-04-01",14,1,"South West",183,"North Somerset","A370","Major","B3133 Smallways","Chelvey Rd, Backwell",346160,166250,51.39272100,-2.77520540,6.00,3.73,5,4,285,6,66,7,2,2,0,2,2,15,376
6994,"E",2019,"2019-04-01",9,1,"South West",183,"North Somerset","A370","Major","B3133 Smallways","Chelvey Rd, Backwell",346160,166250,51.39272100,-2.77520540,6.00,3.73,0,5,376,5,76,7,1,3,0,1,5,17,479
6994,"E",2019,"2019-04-01",15,1,"South West",183,"North Somerset","A370","Major","B3133 Smallways","Chelvey Rd, Backwell",346160,166250,51.39272100,-2.77520540,6.00,3.73,3,4,378,4,79,5,0,4,0,2,0,11,476
6994,"W",2019,"2019-04-01",14,1,"South West",183,"North Somerset","A370","Major","B3133 Smallways","Chelvey Rd, Backwell",346160,166250,51.39272100,-2.77520540,6.00,3.73,1,8,438,8,72,4,2,2,0,0,2,10,536
6994,"E",2019,"2019-04-01",17,1,"South West",183,"North Somerset","A370","Major","B3133 Smallways","Chelvey Rd, Backwell",346160,166250,51.39272100,-2.77520540,6.00,3.73,2,4,432,5,50,3,0,1,0,1,0,5,496
6994,"W",2019,"2019-04-01",12,1,"South West",183,"North Somerset","A370","Major","B3133 Smallways","Chelvey Rd, Backwell",346160,166250,51.39272100,-2.77520540,6.00,3.73,5,6,352,6,72,14,2,0,1,0,2,19,455
6994,"E",2019,"2019-04-01",12,1,"South West",183,"North Somerset","A370","Major","B3133 Smallways","Chelvey Rd, Backwell",346160,166250,51.39272100,-2.77520540,6.00,3.73,0,2,379,6,72,13,3,1,0,2,2,21,480
6994,"W",2019,"2019-04-01",9,1,"South West",183,"North Somerset","A370","Major","B3133 Smallways","Chelvey Rd, Backwell",346160,166250,51.39272100,-2.77520540,6.00,3.73,0,1,315,5,67,15,3,4,1,3,4,30,418
6994,"W",2019,"2019-04-01",11,1,"South West",183,"North Somerset","A370","Major","B3133 Smallways","Chelvey Rd, Backwell",346160,166250,51.39272100,-2.77520540,6.00,3.73,1,5,341,10,80,10,4,5,0,3,2,24,460
6994,"E",2019,"2019-04-01",7,1,"South West",183,"North Somerset","A370","Major","B3133 Smallways","Chelvey Rd, Backwell",346160,166250,51.39272100,-2.77520540,6.00,3.73,7,25,672,7,105,6,2,4,0,2,1,15,824
6994,"E",2019,"2019-04-01",8,1,"South West",183,"North Somerset","A370","Major","B3133 Smallways","Chelvey Rd, Backwell",346160,166250,51.39272100,-2.77520540,6.00,3.73,7,15,520,12,99,12,3,4,0,0,1,20,666
6994,"E",2019,"2019-04-01",10,1,"South West",183,"North Somerset","A370","Major","B3133 Smallways","Chelvey Rd, Backwell",346160,166250,51.39272100,-2.77520540,6.00,3.73,1,5,406,8,71,12,2,4,0,2,1,21,511
6994,"W",2019,"2019-04-01",13,1,"South West",183,"North Somerset","A370","Major","B3133 Smallways","Chelvey Rd, Backwell",346160,166250,51.39272100,-2.77520540,6.00,3.73,0,10,414,6,74,8,1,0,0,1,0,10,514
6994,"W",2019,"2019-04-01",15,1,"South West",183,"North Somerset","A370","Major","B3133 Smallways","Chelvey Rd, Backwell",346160,166250,51.39272100,-2.77520540,6.00,3.73,3,9,464,12,83,8,2,1,1,2,3,17,585
6994,"E",2019,"2019-04-01",18,1,"South West",183,"North Somerset","A370","Major","B3133 Smallways","Chelvey Rd, Backwell",346160,166250,51.39272100,-2.77520540,6.00,3.73,4,17,348,3,35,0,0,0,0,2,0,2,405
6994,"E",2019,"2019-04-01",16,1,"South West",183,"North Somerset","A370","Major","B3133 Smallways","Chelvey Rd, Backwell",346160,166250,51.39272100,-2.77520540,6.00,3.73,3,8,438,10,84,4,2,0,1,2,2,11,551
6994,"W",2019,"2019-04-01",8,1,"South West",183,"North Somerset","A370","Major","B3133 Smallways","Chelvey Rd, Backwell",346160,166250,51.39272100,-2.77520540,6.00,3.73,0,4,377,7,80,6,1,2,0,2,2,13,481
6997,"N",2019,"2019-07-03",12,1,"South West",5,"Somerset","A371","Major","B3153","A359",364130,132987,51.09506100,-2.51360140,3.40,2.11,1,1,143,0,47,7,0,6,1,11,9,34,225
6997,"S",2019,"2019-07-03",9,1,"South West",5,"Somerset","A371","Major","B3153","A359",364130,132987,51.09506100,-2.51360140,3.40,2.11,0,0,131,1,28,5,3,1,2,5,10,26,186
6997,"S",2019,"2019-07-03",11,1,"South West",5,"Somerset","A371","Major","B3153","A359",364130,132987,51.09506100,-2.51360140,3.40,2.11,0,1,121,1,27,8,0,4,3,10,12,37,187
6997,"N",2019,"2019-07-03",11,1,"South West",5,"Somerset","A371","Major","B3153","A359",364130,132987,51.09506100,-2.51360140,3.40,2.11,0,0,120,0,22,5,3,1,4,3,4,20,162
6997,"N",2019,"2019-07-03",17,1,"South West",5,"Somerset","A371","Major","B3153","A359",364130,132987,51.09506100,-2.51360140,3.40,2.11,2,2,207,0,29,4,1,2,1,3,6,17,255
6997,"N",2019,"2019-07-03",9,1,"South West",5,"Somerset","A371","Major","B3153","A359",364130,132987,51.09506100,-2.51360140,3.40,2.11,0,0,127,1,38,6,2,1,3,6,8,26,192
6997,"N",2019,"2019-07-03",15,1,"South West",5,"Somerset","A371","Major","B3153","A359",364130,132987,51.09506100,-2.51360140,3.40,2.11,1,1,203,6,30,9,3,6,2,14,4,38,278
6997,"N",2019,"2019-07-03",13,1,"South West",5,"Somerset","A371","Major","B3153","A359",364130,132987,51.09506100,-2.51360140,3.40,2.11,0,1,103,0,31,10,3,5,4,10,3,35,170
6997,"S",2019,"2019-07-03",10,1,"South West",5,"Somerset","A371","Major","B3153","A359",364130,132987,51.09506100,-2.51360140,3.40,2.11,0,1,130,0,37,9,7,6,6,5,6,39,207
6997,"S",2019,"2019-07-03",12,1,"South West",5,"Somerset","A371","Major","B3153","A359",364130,132987,51.09506100,-2.51360140,3.40,2.11,0,1,106,1,25,10,1,8,3,6,6,34,167
6997,"S",2019,"2019-07-03",14,1,"South West",5,"Somerset","A371","Major","B3153","A359",364130,132987,51.09506100,-2.51360140,3.40,2.11,0,1,132,1,32,8,3,4,2,6,7,30,196
6997,"N",2019,"2019-07-03",10,1,"South West",5,"Somerset","A371","Major","B3153","A359",364130,132987,51.09506100,-2.51360140,3.40,2.11,0,2,109,0,26,9,4,8,8,8,3,40,177
6997,"N",2019,"2019-07-03",16,1,"South West",5,"Somerset","A371","Major","B3153","A359",364130,132987,51.09506100,-2.51360140,3.40,2.11,0,5,200,0,50,6,2,3,0,7,7,25,280
6997,"N",2019,"2019-07-03",8,1,"South West",5,"Somerset","A371","Major","B3153","A359",364130,132987,51.09506100,-2.51360140,3.40,2.11,1,0,168,7,35,8,5,6,3,3,8,33,243
6997,"N",2019,"2019-07-03",7,1,"South West",5,"Somerset","A371","Major","B3153","A359",364130,132987,51.09506100,-2.51360140,3.40,2.11,0,1,99,0,29,3,1,5,2,6,6,23,152
6997,"S",2019,"2019-07-03",8,1,"South West",5,"Somerset","A371","Major","B3153","A359",364130,132987,51.09506100,-2.51360140,3.40,2.11,2,2,215,5,41,9,3,7,4,7,4,34,297
6997,"S",2019,"2019-07-03",15,1,"South West",5,"Somerset","A371","Major","B3153","A359",364130,132987,51.09506100,-2.51360140,3.40,2.11,1,0,182,6,28,6,0,4,2,6,0,18,234
6997,"N",2019,"2019-07-03",18,1,"South West",5,"Somerset","A371","Major","B3153","A359",364130,132987,51.09506100,-2.51360140,3.40,2.11,3,2,124,0,11,2,1,3,4,2,3,15,152
6997,"S",2019,"2019-07-03",13,1,"South West",5,"Somerset","A371","Major","B3153","A359",364130,132987,51.09506100,-2.51360140,3.40,2.11,0,4,113,1,24,10,0,2,3,6,5,26,168
6997,"S",2019,"2019-07-03",17,1,"South West",5,"Somerset","A371","Major","B3153","A359",364130,132987,51.09506100,-2.51360140,3.40,2.11,1,1,174,0,22,0,2,4,4,7,5,22,219
6997,"S",2019,"2019-07-03",18,1,"South West",5,"Somerset","A371","Major","B3153","A359",364130,132987,51.09506100,-2.51360140,3.40,2.11,3,2,183,0,21,1,0,1,0,2,5,9,215
6997,"N",2019,"2019-07-03",14,1,"South West",5,"Somerset","A371","Major","B3153","A359",364130,132987,51.09506100,-2.51360140,3.40,2.11,0,2,120,0,30,7,3,1,2,8,4,25,177
6997,"S",2019,"2019-07-03",7,1,"South West",5,"Somerset","A371","Major","B3153","A359",364130,132987,51.09506100,-2.51360140,3.40,2.11,2,1,155,0,54,2,4,8,2,3,4,23,233
6997,"S",2019,"2019-07-03",16,1,"South West",5,"Somerset","A371","Major","B3153","A359",364130,132987,51.09506100,-2.51360140,3.40,2.11,0,6,131,0,28,3,1,4,2,7,2,19,184
7015,"S",2019,"2019-07-10",13,1,"South West",71,"Devon","A380","Major","A381/A383","B3195",287220,74570,50.55996900,-3.59358760,2.40,1.49,0,13,867,10,288,38,10,6,4,10,8,76,1254
7015,"S",2019,"2019-07-10",10,1,"South West",71,"Devon","A380","Major","A381/A383","B3195",287220,74570,50.55996900,-3.59358760,2.40,1.49,0,6,857,9,263,37,8,12,8,9,3,77,1212
7015,"N",2019,"2019-07-10",7,1,"South West",71,"Devon","A380","Major","A381/A383","B3195",287220,74570,50.55996900,-3.59358760,2.40,1.49,0,28,1882,3,678,16,8,9,1,7,5,46,2637
7015,"S",2019,"2019-07-10",7,1,"South West",71,"Devon","A380","Major","A381/A383","B3195",287220,74570,50.55996900,-3.59358760,2.40,1.49,0,6,811,4,365,30,11,12,5,17,7,82,1268
7015,"N",2019,"2019-07-10",8,1,"South West",71,"Devon","A380","Major","A381/A383","B3195",287220,74570,50.55996900,-3.59358760,2.40,1.49,0,16,1551,5,492,25,9,7,5,18,9,73,2137
7015,"S",2019,"2019-07-10",12,1,"South West",71,"Devon","A380","Major","A381/A383","B3195",287220,74570,50.55996900,-3.59358760,2.40,1.49,0,8,836,4,285,38,9,7,6,10,2,72,1205
7015,"S",2019,"2019-07-10",16,1,"South West",71,"Devon","A380","Major","A381/A383","B3195",287220,74570,50.55996900,-3.59358760,2.40,1.49,0,37,1628,10,628,24,5,4,5,8,2,48,2351
7015,"N",2019,"2019-07-10",9,1,"South West",71,"Devon","A380","Major","A381/A383","B3195",287220,74570,50.55996900,-3.59358760,2.40,1.49,0,29,1235,19,315,36,7,10,4,14,10,81,1679
7015,"N",2019,"2019-07-10",13,1,"South West",71,"Devon","A380","Major","A381/A383","B3195",287220,74570,50.55996900,-3.59358760,2.40,1.49,0,8,795,8,256,29,8,10,9,8,7,71,1138
7015,"N",2019,"2019-07-10",10,1,"South West",71,"Devon","A380","Major","A381/A383","B3195",287220,74570,50.55996900,-3.59358760,2.40,1.49,0,16,1075,10,275,33,6,13,5,9,3,69,1445
7015,"N",2019,"2019-07-10",14,1,"South West",71,"Devon","A380","Major","A381/A383","B3195",287220,74570,50.55996900,-3.59358760,2.40,1.49,0,5,846,5,266,42,7,8,8,6,2,73,1195
7015,"S",2019,"2019-07-10",15,1,"South West",71,"Devon","A380","Major","A381/A383","B3195",287220,74570,50.55996900,-3.59358760,2.40,1.49,0,22,1077,10,501,37,5,9,4,10,5,70,1680
7015,"S",2019,"2019-07-10",14,1,"South West",71,"Devon","A380","Major","A381/A383","B3195",287220,74570,50.55996900,-3.59358760,2.40,1.49,1,15,939,9,369,35,7,13,2,11,2,70,1402
7015,"N",2019,"2019-07-10",11,1,"South West",71,"Devon","A380","Major","A381/A383","B3195",287220,74570,50.55996900,-3.59358760,2.40,1.49,0,9,881,3,239,51,6,3,6,11,3,80,1212
7015,"N",2019,"2019-07-10",17,1,"South West",71,"Devon","A380","Major","A381/A383","B3195",287220,74570,50.55996900,-3.59358760,2.40,1.49,0,15,1266,7,398,24,0,0,2,1,1,28,1714
7015,"S",2019,"2019-07-10",18,1,"South West",71,"Devon","A380","Major","A381/A383","B3195",287220,74570,50.55996900,-3.59358760,2.40,1.49,0,88,1274,3,261,16,0,0,0,3,2,21,1647
7015,"S",2019,"2019-07-10",9,1,"South West",71,"Devon","A380","Major","A381/A383","B3195",287220,74570,50.55996900,-3.59358760,2.40,1.49,0,6,838,6,303,58,11,10,2,12,3,96,1249
7015,"S",2019,"2019-07-10",8,1,"South West",71,"Devon","A380","Major","A381/A383","B3195",287220,74570,50.55996900,-3.59358760,2.40,1.49,0,9,1073,10,371,43,9,7,10,13,5,87,1550
7015,"S",2019,"2019-07-10",11,1,"South West",71,"Devon","A380","Major","A381/A383","B3195",287220,74570,50.55996900,-3.59358760,2.40,1.49,0,14,812,11,246,32,10,13,8,16,2,81,1164
7015,"S",2019,"2019-07-10",17,1,"South West",71,"Devon","A380","Major","A381/A383","B3195",287220,74570,50.55996900,-3.59358760,2.40,1.49,1,66,1844,11,522,10,1,2,0,4,2,19,2462
7015,"N",2019,"2019-07-10",12,1,"South West",71,"Devon","A380","Major","A381/A383","B3195",287220,74570,50.55996900,-3.59358760,2.40,1.49,0,9,767,4,253,28,12,5,2,11,5,63,1096
7015,"N",2019,"2019-07-10",15,1,"South West",71,"Devon","A380","Major","A381/A383","B3195",287220,74570,50.55996900,-3.59358760,2.40,1.49,0,6,946,4,348,35,8,8,9,5,4,69,1373
7015,"N",2019,"2019-07-10",18,1,"South West",71,"Devon","A380","Major","A381/A383","B3195",287220,74570,50.55996900,-3.59358760,2.40,1.49,0,17,796,9,177,8,0,1,1,5,2,17,1016
7015,"N",2019,"2019-07-10",16,1,"South West",71,"Devon","A380","Major","A381/A383","B3195",287220,74570,50.55996900,-3.59358760,2.40,1.49,0,21,1123,15,503,30,7,7,7,8,3,62,1724
7025,"N",2019,"2019-04-29",17,1,"South West",71,"Devon","A386","Major","B3357","C road to Lydford",250402,77933,50.58192100,-4.11440690,12.00,7.46,0,2,212,3,45,3,1,1,2,0,2,9,271
7025,"N",2019,"2019-04-29",12,1,"South West",71,"Devon","A386","Major","B3357","C road to Lydford",250402,77933,50.58192100,-4.11440690,12.00,7.46,1,4,157,6,32,2,3,1,1,1,4,12,211
7025,"S",2019,"2019-04-29",7,1,"South West",71,"Devon","A386","Major","B3357","C road to Lydford",250402,77933,50.58192100,-4.11440690,12.00,7.46,0,1,145,6,36,5,5,1,1,3,2,17,205
7025,"N",2019,"2019-04-29",10,1,"South West",71,"Devon","A386","Major","B3357","C road to Lydford",250402,77933,50.58192100,-4.11440690,12.00,7.46,1,0,178,1,45,11,2,1,0,0,3,17,241
7025,"S",2019,"2019-04-29",9,1,"South West",71,"Devon","A386","Major","B3357","C road to Lydford",250402,77933,50.58192100,-4.11440690,12.00,7.46,0,2,159,3,55,7,2,1,0,0,4,14,233
7025,"N",2019,"2019-04-29",11,1,"South West",71,"Devon","A386","Major","B3357","C road to Lydford",250402,77933,50.58192100,-4.11440690,12.00,7.46,0,0,150,2,32,11,3,0,3,4,1,22,206
7025,"S",2019,"2019-04-29",16,1,"South West",71,"Devon","A386","Major","B3357","C road to Lydford",250402,77933,50.58192100,-4.11440690,12.00,7.46,1,1,176,3,69,6,1,1,0,0,0,8,257
7025,"N",2019,"2019-04-29",8,1,"South West",71,"Devon","A386","Major","B3357","C road to Lydford",250402,77933,50.58192100,-4.11440690,12.00,7.46,0,0,176,2,61,6,0,0,1,1,1,9,248
7025,"N",2019,"2019-04-29",13,1,"South West",71,"Devon","A386","Major","B3357","C road to Lydford",250402,77933,50.58192100,-4.11440690,12.00,7.46,1,1,141,2,24,7,1,0,0,0,2,10,178
7025,"S",2019,"2019-04-29",13,1,"South West",71,"Devon","A386","Major","B3357","C road to Lydford",250402,77933,50.58192100,-4.11440690,12.00,7.46,0,2,149,1,36,7,3,2,2,0,1,15,203
7025,"S",2019,"2019-04-29",11,1,"South West",71,"Devon","A386","Major","B3357","C road to Lydford",250402,77933,50.58192100,-4.11440690,12.00,7.46,0,1,152,1,42,1,3,1,2,4,0,11,207
7025,"S",2019,"2019-04-29",15,1,"South West",71,"Devon","A386","Major","B3357","C road to Lydford",250402,77933,50.58192100,-4.11440690,12.00,7.46,1,3,170,1,44,9,0,0,0,0,2,11,229
7025,"S",2019,"2019-04-29",14,1,"South West",71,"Devon","A386","Major","B3357","C road to Lydford",250402,77933,50.58192100,-4.11440690,12.00,7.46,1,4,143,6,37,5,1,0,0,4,0,10,200
7025,"N",2019,"2019-04-29",7,1,"South West",71,"Devon","A386","Major","B3357","C road to Lydford",250402,77933,50.58192100,-4.11440690,12.00,7.46,0,2,195,2,68,9,0,0,0,0,4,13,280
7025,"N",2019,"2019-04-29",14,1,"South West",71,"Devon","A386","Major","B3357","C road to Lydford",250402,77933,50.58192100,-4.11440690,12.00,7.46,0,0,143,2,41,4,1,0,0,1,4,10,196
7025,"N",2019,"2019-04-29",18,1,"South West",71,"Devon","A386","Major","B3357","C road to Lydford",250402,77933,50.58192100,-4.11440690,12.00,7.46,1,1,114,1,24,0,0,0,1,0,0,1,141
7025,"S",2019,"2019-04-29",17,1,"South West",71,"Devon","A386","Major","B3357","C road to Lydford",250402,77933,50.58192100,-4.11440690,12.00,7.46,0,0,228,4,75,0,1,0,0,1,1,3,310
7025,"N",2019,"2019-04-29",15,1,"South West",71,"Devon","A386","Major","B3357","C road to Lydford",250402,77933,50.58192100,-4.11440690,12.00,7.46,0,2,175,6,35,8,3,0,0,1,5,17,235
7025,"N",2019,"2019-04-29",16,1,"South West",71,"Devon","A386","Major","B3357","C road to Lydford",250402,77933,50.58192100,-4.11440690,12.00,7.46,1,1,198,3,31,5,1,0,0,1,5,12,245
7025,"S",2019,"2019-04-29",10,1,"South West",71,"Devon","A386","Major","B3357","C road to Lydford",250402,77933,50.58192100,-4.11440690,12.00,7.46,0,0,143,5,49,6,2,1,0,0,4,13,210
7025,"S",2019,"2019-04-29",8,1,"South West",71,"Devon","A386","Major","B3357","C road to Lydford",250402,77933,50.58192100,-4.11440690,12.00,7.46,0,0,184,2,57,8,2,1,0,1,3,15,258
7025,"N",2019,"2019-04-29",9,1,"South West",71,"Devon","A386","Major","B3357","C road to Lydford",250402,77933,50.58192100,-4.11440690,12.00,7.46,0,3,180,3,41,3,0,0,1,1,5,10,237
7025,"S",2019,"2019-04-29",12,1,"South West",71,"Devon","A386","Major","B3357","C road to Lydford",250402,77933,50.58192100,-4.11440690,12.00,7.46,0,1,143,1,36,7,1,0,1,2,0,11,192
7025,"S",2019,"2019-04-29",18,1,"South West",71,"Devon","A386","Major","B3357","C road to Lydford",250402,77933,50.58192100,-4.11440690,12.00,7.46,0,0,162,1,24,2,0,0,1,1,1,5,192
7028,"N",2019,"2019-05-24",11,1,"South West",139,"Cornwall excluding Isles of Scilly","A387","Major","Longcoombe Lane","B3359",221250,52000,50.34073000,-4.51339690,2.90,1.80,0,2,63,1,23,1,0,0,0,0,0,1,90
7028,"N",2019,"2019-05-24",10,1,"South West",139,"Cornwall excluding Isles of Scilly","A387","Major","Longcoombe Lane","B3359",221250,52000,50.34073000,-4.51339690,2.90,1.80,0,0,65,1,16,1,0,0,0,0,0,1,83
7028,"S",2019,"2019-05-24",13,1,"South West",139,"Cornwall excluding Isles of Scilly","A387","Major","Longcoombe Lane","B3359",221250,52000,50.34073000,-4.51339690,2.90,1.80,0,3,72,2,11,1,0,0,0,0,0,1,89
7028,"N",2019,"2019-05-24",13,1,"South West",139,"Cornwall excluding Isles of Scilly","A387","Major","Longcoombe Lane","B3359",221250,52000,50.34073000,-4.51339690,2.90,1.80,0,2,71,3,13,0,0,0,0,0,0,0,89
7028,"N",2019,"2019-05-24",14,1,"South West",139,"Cornwall excluding Isles of Scilly","A387","Major","Longcoombe Lane","B3359",221250,52000,50.34073000,-4.51339690,2.90,1.80,0,0,92,1,9,1,0,0,0,0,0,1,103
7028,"N",2019,"2019-05-24",17,1,"South West",139,"Cornwall excluding Isles of Scilly","A387","Major","Longcoombe Lane","B3359",221250,52000,50.34073000,-4.51339690,2.90,1.80,0,1,58,3,6,1,0,0,0,0,0,1,69
7028,"N",2019,"2019-05-24",8,1,"South West",139,"Cornwall excluding Isles of Scilly","A387","Major","Longcoombe Lane","B3359",221250,52000,50.34073000,-4.51339690,2.90,1.80,0,0,64,2,7,1,0,0,0,0,0,1,74
7028,"N",2019,"2019-05-24",9,1,"South West",139,"Cornwall excluding Isles of Scilly","A387","Major","Longcoombe Lane","B3359",221250,52000,50.34073000,-4.51339690,2.90,1.80,0,0,49,2,13,1,0,0,0,0,0,1,65
7028,"S",2019,"2019-05-24",12,1,"South West",139,"Cornwall excluding Isles of Scilly","A387","Major","Longcoombe Lane","B3359",221250,52000,50.34073000,-4.51339690,2.90,1.80,0,0,71,1,11,0,0,0,0,0,0,0,83
7028,"S",2019,"2019-05-24",15,1,"South West",139,"Cornwall excluding Isles of Scilly","A387","Major","Longcoombe Lane","B3359",221250,52000,50.34073000,-4.51339690,2.90,1.80,0,1,90,4,4,0,0,0,0,0,0,0,99
7028,"N",2019,"2019-05-24",16,1,"South West",139,"Cornwall excluding Isles of Scilly","A387","Major","Longcoombe Lane","B3359",221250,52000,50.34073000,-4.51339690,2.90,1.80,0,1,67,2,8,0,0,0,0,0,0,0,78
7028,"N",2019,"2019-05-24",12,1,"South West",139,"Cornwall excluding Isles of Scilly","A387","Major","Longcoombe Lane","B3359",221250,52000,50.34073000,-4.51339690,2.90,1.80,0,1,63,2,11,1,0,0,0,0,0,1,78
7028,"N",2019,"2019-05-24",15,1,"South West",139,"Cornwall excluding Isles of Scilly","A387","Major","Longcoombe Lane","B3359",221250,52000,50.34073000,-4.51339690,2.90,1.80,0,0,86,3,9,1,0,0,0,0,0,1,99
7028,"S",2019,"2019-05-24",10,1,"South West",139,"Cornwall excluding Isles of Scilly","A387","Major","Longcoombe Lane","B3359",221250,52000,50.34073000,-4.51339690,2.90,1.80,0,2,88,2,26,2,0,0,0,0,0,2,120
7028,"S",2019,"2019-05-24",17,1,"South West",139,"Cornwall excluding Isles of Scilly","A387","Major","Longcoombe Lane","B3359",221250,52000,50.34073000,-4.51339690,2.90,1.80,0,0,74,3,5,0,0,0,0,0,0,0,82
7028,"S",2019,"2019-05-24",18,1,"South West",139,"Cornwall excluding Isles of Scilly","A387","Major","Longcoombe Lane","B3359",221250,52000,50.34073000,-4.51339690,2.90,1.80,0,1,52,2,15,0,0,0,0,0,0,0,70
7028,"S",2019,"2019-05-24",9,1,"South West",139,"Cornwall excluding Isles of Scilly","A387","Major","Longcoombe Lane","B3359",221250,52000,50.34073000,-4.51339690,2.90,1.80,0,0,46,2,12,1,0,0,0,0,0,1,61
7028,"N",2019,"2019-05-24",18,1,"South West",139,"Cornwall excluding Isles of Scilly","A387","Major","Longcoombe Lane","B3359",221250,52000,50.34073000,-4.51339690,2.90,1.80,0,0,57,3,5,0,0,0,0,0,0,0,65
7028,"S",2019,"2019-05-24",11,1,"South West",139,"Cornwall excluding Isles of Scilly","A387","Major","Longcoombe Lane","B3359",221250,52000,50.34073000,-4.51339690,2.90,1.80,0,0,80,2,21,1,0,0,0,0,0,1,104
7028,"S",2019,"2019-05-24",16,1,"South West",139,"Cornwall excluding Isles of Scilly","A387","Major","Longcoombe Lane","B3359",221250,52000,50.34073000,-4.51339690,2.90,1.80,0,1,73,1,10,1,0,0,0,0,0,1,86
7028,"S",2019,"2019-05-24",8,1,"South West",139,"Cornwall excluding Isles of Scilly","A387","Major","Longcoombe Lane","B3359",221250,52000,50.34073000,-4.51339690,2.90,1.80,0,0,29,3,12,2,0,0,0,0,0,2,46
7028,"N",2019,"2019-05-24",7,1,"South West",139,"Cornwall excluding Isles of Scilly","A387","Major","Longcoombe Lane","B3359",221250,52000,50.34073000,-4.51339690,2.90,1.80,0,0,32,2,8,0,0,0,0,0,0,0,42
7028,"S",2019,"2019-05-24",7,1,"South West",139,"Cornwall excluding Isles of Scilly","A387","Major","Longcoombe Lane","B3359",221250,52000,50.34073000,-4.51339690,2.90,1.80,0,1,18,2,5,2,0,0,0,0,0,2,28
7028,"S",2019,"2019-05-24",14,1,"South West",139,"Cornwall excluding Isles of Scilly","A387","Major","Longcoombe Lane","B3359",221250,52000,50.34073000,-4.51339690,2.90,1.80,0,2,76,1,11,1,0,0,0,0,0,1,91
7041,"N",2019,"2019-05-23",8,1,"South West",71,"Devon","A396","Major","A3072","Ashley Rise, Tiverton",295000,110703,50.88624200,-3.49408830,5.20,3.23,0,0,255,2,27,3,2,3,0,1,0,9,293
7041,"N",2019,"2019-05-23",18,1,"South West",71,"Devon","A396","Major","A3072","Ashley Rise, Tiverton",295000,110703,50.88624200,-3.49408830,5.20,3.23,7,15,281,2,30,2,0,0,0,0,0,2,330
7041,"S",2019,"2019-05-23",17,1,"South West",71,"Devon","A396","Major","A3072","Ashley Rise, Tiverton",295000,110703,50.88624200,-3.49408830,5.20,3.23,1,3,385,2,62,1,0,0,1,1,0,3,455
7041,"N",2019,"2019-05-23",13,1,"South West",71,"Devon","A396","Major","A3072","Ashley Rise, Tiverton",295000,110703,50.88624200,-3.49408830,5.20,3.23,0,1,142,2,23,10,3,6,0,0,1,20,188
7041,"N",2019,"2019-05-23",10,1,"South West",71,"Devon","A396","Major","A3072","Ashley Rise, Tiverton",295000,110703,50.88624200,-3.49408830,5.20,3.23,1,2,106,1,16,1,3,1,1,2,0,8,133
7041,"N",2019,"2019-05-23",12,1,"South West",71,"Devon","A396","Major","A3072","Ashley Rise, Tiverton",295000,110703,50.88624200,-3.49408830,5.20,3.23,0,2,173,3,40,4,2,0,1,0,1,8,226
7041,"N",2019,"2019-05-23",15,1,"South West",71,"Devon","A396","Major","A3072","Ashley Rise, Tiverton",295000,110703,50.88624200,-3.49408830,5.20,3.23,1,2,280,2,48,3,0,0,2,0,0,5,337
7041,"S",2019,"2019-05-23",9,1,"South West",71,"Devon","A396","Major","A3072","Ashley Rise, Tiverton",295000,110703,50.88624200,-3.49408830,5.20,3.23,2,2,243,0,35,3,1,3,2,1,2,12,292
7041,"S",2019,"2019-05-23",15,1,"South West",71,"Devon","A396","Major","A3072","Ashley Rise, Tiverton",295000,110703,50.88624200,-3.49408830,5.20,3.23,3,5,295,3,49,4,2,4,1,2,1,14,366
7041,"S",2019,"2019-05-23",12,1,"South West",71,"Devon","A396","Major","A3072","Ashley Rise, Tiverton",295000,110703,50.88624200,-3.49408830,5.20,3.23,0,5,202,2,31,0,1,2,0,0,1,4,244
7041,"S",2019,"2019-05-23",7,1,"South West",71,"Devon","A396","Major","A3072","Ashley Rise, Tiverton",295000,110703,50.88624200,-3.49408830,5.20,3.23,1,0,308,9,142,4,3,1,2,0,1,11,470
7041,"S",2019,"2019-05-23",13,1,"South West",71,"Devon","A396","Major","A3072","Ashley Rise, Tiverton",295000,110703,50.88624200,-3.49408830,5.20,3.23,1,3,208,2,23,3,0,7,0,0,1,11,247
7041,"S",2019,"2019-05-23",18,1,"South West",71,"Devon","A396","Major","A3072","Ashley Rise, Tiverton",295000,110703,50.88624200,-3.49408830,5.20,3.23,1,3,256,2,21,2,0,0,0,0,0,2,284
7041,"N",2019,"2019-05-23",7,1,"South West",71,"Devon","A396","Major","A3072","Ashley Rise, Tiverton",295000,110703,50.88624200,-3.49408830,5.20,3.23,0,0,199,4,37,7,3,1,0,1,0,12,252
7041,"N",2019,"2019-05-23",14,1,"South West",71,"Devon","A396","Major","A3072","Ashley Rise, Tiverton",295000,110703,50.88624200,-3.49408830,5.20,3.23,0,7,266,0,42,4,1,3,3,0,0,11,326
7041,"N",2019,"2019-05-23",11,1,"South West",71,"Devon","A396","Major","A3072","Ashley Rise, Tiverton",295000,110703,50.88624200,-3.49408830,5.20,3.23,2,0,194,7,36,6,3,1,4,1,4,19,256
7041,"N",2019,"2019-05-23",9,1,"South West",71,"Devon","A396","Major","A3072","Ashley Rise, Tiverton",295000,110703,50.88624200,-3.49408830,5.20,3.23,0,0,207,9,33,7,0,1,2,2,0,12,261
7041,"N",2019,"2019-05-23",16,1,"South West",71,"Devon","A396","Major","A3072","Ashley Rise, Tiverton",295000,110703,50.88624200,-3.49408830,5.20,3.23,1,5,226,9,37,6,2,1,0,1,0,10,287
7041,"N",2019,"2019-05-23",17,1,"South West",71,"Devon","A396","Major","A3072","Ashley Rise, Tiverton",295000,110703,50.88624200,-3.49408830,5.20,3.23,4,12,465,5,51,2,2,2,4,3,2,15,548
7041,"S",2019,"2019-05-23",11,1,"South West",71,"Devon","A396","Major","A3072","Ashley Rise, Tiverton",295000,110703,50.88624200,-3.49408830,5.20,3.23,1,0,105,0,13,5,1,2,1,1,1,11,129
7041,"S",2019,"2019-05-23",14,1,"South West",71,"Devon","A396","Major","A3072","Ashley Rise, Tiverton",295000,110703,50.88624200,-3.49408830,5.20,3.23,1,3,268,11,55,4,4,5,2,0,0,15,352
7041,"S",2019,"2019-05-23",8,1,"South West",71,"Devon","A396","Major","A3072","Ashley Rise, Tiverton",295000,110703,50.88624200,-3.49408830,5.20,3.23,0,5,357,0,89,5,5,3,2,0,1,16,467
7041,"S",2019,"2019-05-23",10,1,"South West",71,"Devon","A396","Major","A3072","Ashley Rise, Tiverton",295000,110703,50.88624200,-3.49408830,5.20,3.23,0,0,128,2,15,3,1,2,0,0,2,8,153
7041,"S",2019,"2019-05-23",16,1,"South West",71,"Devon","A396","Major","A3072","Ashley Rise, Tiverton",295000,110703,50.88624200,-3.49408830,5.20,3.23,2,4,261,5,42,3,1,4,0,1,0,9,321
7086,"S",2019,"2019-07-05",8,1,"South West",181,"Swindon","A419","Major","A4312 / A420","A4259",419393,185240,51.56570500,-1.72161320,4.50,2.80,0,18,1875,6,337,68,11,19,6,9,93,206,2442
7086,"N",2019,"2019-07-05",11,1,"South West",181,"Swindon","A419","Major","A4312 / A420","A4259",419393,185240,51.56570500,-1.72161320,4.50,2.80,0,17,1602,6,240,66,16,19,13,24,79,217,2082
7086,"N",2019,"2019-07-05",14,1,"South West",181,"Swindon","A419","Major","A4312 / A420","A4259",419393,185240,51.56570500,-1.72161320,4.50,2.80,0,23,2024,8,351,63,15,15,9,21,95,218,2624
7086,"S",2019,"2019-07-05",10,1,"South West",181,"Swindon","A419","Major","A4312 / A420","A4259",419393,185240,51.56570500,-1.72161320,4.50,2.80,0,21,1307,1,205,57,8,10,8,7,93,183,1717
7086,"S",2019,"2019-07-05",14,1,"South West",181,"Swindon","A419","Major","A4312 / A420","A4259",419393,185240,51.56570500,-1.72161320,4.50,2.80,0,15,1854,5,302,61,14,13,3,17,80,188,2364
7086,"S",2019,"2019-07-05",11,1,"South West",181,"Swindon","A419","Major","A4312 / A420","A4259",419393,185240,51.56570500,-1.72161320,4.50,2.80,0,26,1703,8,307,71,4,11,5,7,115,213,2257
7086,"N",2019,"2019-07-05",17,1,"South West",181,"Swindon","A419","Major","A4312 / A420","A4259",419393,185240,51.56570500,-1.72161320,4.50,2.80,0,28,2835,9,244,56,6,2,2,16,40,122,3238
7086,"N",2019,"2019-07-05",16,1,"South West",181,"Swindon","A419","Major","A4312 / A420","A4259",419393,185240,51.56570500,-1.72161320,4.50,2.80,0,27,2761,8,324,69,7,9,5,18,63,171,3291
7086,"N",2019,"2019-07-05",13,1,"South West",181,"Swindon","A419","Major","A4312 / A420","A4259",419393,185240,51.56570500,-1.72161320,4.50,2.80,0,18,1942,7,294,75,19,16,5,21,92,228,2489
7086,"N",2019,"2019-07-05",8,1,"South West",181,"Swindon","A419","Major","A4312 / A420","A4259",419393,185240,51.56570500,-1.72161320,4.50,2.80,0,12,1505,7,363,78,18,17,9,17,116,255,2142
7086,"S",2019,"2019-07-05",7,1,"South West",181,"Swindon","A419","Major","A4312 / A420","A4259",419393,185240,51.56570500,-1.72161320,4.50,2.80,0,15,1896,17,381,82,18,7,8,5,111,231,2540
7086,"S",2019,"2019-07-05",16,1,"South West",181,"Swindon","A419","Major","A4312 / A420","A4259",419393,185240,51.56570500,-1.72161320,4.50,2.80,0,25,2016,5,278,47,4,4,6,15,47,123,2447
7086,"N",2019,"2019-07-05",10,1,"South West",181,"Swindon","A419","Major","A4312 / A420","A4259",419393,185240,51.56570500,-1.72161320,4.50,2.80,0,10,1064,4,153,33,11,8,5,11,67,135,1366
7086,"S",2019,"2019-07-05",15,1,"South West",181,"Swindon","A419","Major","A4312 / A420","A4259",419393,185240,51.56570500,-1.72161320,4.50,2.80,0,22,1764,10,296,62,3,26,4,11,65,171,2263
7086,"N",2019,"2019-07-05",15,1,"South West",181,"Swindon","A419","Major","A4312 / A420","A4259",419393,185240,51.56570500,-1.72161320,4.50,2.80,0,16,2391,7,336,89,7,9,10,17,81,213,2963
7086,"N",2019,"2019-07-05",18,1,"South West",181,"Swindon","A419","Major","A4312 / A420","A4259",419393,185240,51.56570500,-1.72161320,4.50,2.80,0,15,1940,7,142,33,5,4,3,13,48,106,2210
7086,"S",2019,"2019-07-05",18,1,"South West",181,"Swindon","A419","Major","A4312 / A420","A4259",419393,185240,51.56570500,-1.72161320,4.50,2.80,0,9,1316,6,121,22,1,0,6,7,41,77,1529
7086,"S",2019,"2019-07-05",12,1,"South West",181,"Swindon","A419","Major","A4312 / A420","A4259",419393,185240,51.56570500,-1.72161320,4.50,2.80,0,18,1781,7,261,49,18,19,6,6,92,190,2257
7086,"N",2019,"2019-07-05",9,1,"South West",181,"Swindon","A419","Major","A4312 / A420","A4259",419393,185240,51.56570500,-1.72161320,4.50,2.80,0,8,1371,6,280,77,6,16,10,29,98,236,1901
7086,"S",2019,"2019-07-05",13,1,"South West",181,"Swindon","A419","Major","A4312 / A420","A4259",419393,185240,51.56570500,-1.72161320,4.50,2.80,0,18,1818,13,276,62,9,13,5,21,76,186,2311
7086,"N",2019,"2019-07-05",7,1,"South West",181,"Swindon","A419","Major","A4312 / A420","A4259",419393,185240,51.56570500,-1.72161320,4.50,2.80,0,16,1455,2,414,71,11,32,5,24,97,240,2127
7086,"S",2019,"2019-07-05",9,1,"South West",181,"Swindon","A419","Major","A4312 / A420","A4259",419393,185240,51.56570500,-1.72161320,4.50,2.80,0,11,1582,12,299,64,9,19,7,10,127,236,2140
7086,"N",2019,"2019-07-05",12,1,"South West",181,"Swindon","A419","Major","A4312 / A420","A4259",419393,185240,51.56570500,-1.72161320,4.50,2.80,0,15,1854,7,322,83,16,12,3,17,87,218,2416
7086,"S",2019,"2019-07-05",17,1,"South West",181,"Swindon","A419","Major","A4312 / A420","A4259",419393,185240,51.56570500,-1.72161320,4.50,2.80,0,21,1895,5,213,30,7,3,4,9,41,94,2228
7097,"W",2019,"2019-06-05",10,1,"South West",144,"Bristol, City of","A420","Major","Midland Rd","Trinity Rd",359997,173312,51.45736300,-2.57714500,0.30,0.19,32,18,588,39,153,5,4,0,0,0,0,9,807
7097,"E",2019,"2019-06-05",7,1,"South West",144,"Bristol, City of","A420","Major","Midland Rd","Trinity Rd",359997,173312,51.45736300,-2.57714500,0.30,0.19,2,0,0,0,0,0,0,0,0,0,0,0,0
7097,"W",2019,"2019-06-05",8,1,"South West",144,"Bristol, City of","A420","Major","Midland Rd","Trinity Rd",359997,173312,51.45736300,-2.57714500,0.30,0.19,176,48,1132,53,167,9,6,2,0,1,0,18,1418
7097,"W",2019,"2019-06-05",13,1,"South West",144,"Bristol, City of","A420","Major","Midland Rd","Trinity Rd",359997,173312,51.45736300,-2.57714500,0.30,0.19,39,18,543,37,164,0,4,1,2,1,1,9,771
7097,"E",2019,"2019-06-05",18,1,"South West",144,"Bristol, City of","A420","Major","Midland Rd","Trinity Rd",359997,173312,51.45736300,-2.57714500,0.30,0.19,24,0,0,0,0,0,0,0,0,0,0,0,0
7097,"E",2019,"2019-06-05",13,1,"South West",144,"Bristol, City of","A420","Major","Midland Rd","Trinity Rd",359997,173312,51.45736300,-2.57714500,0.30,0.19,15,0,0,0,0,0,0,0,0,0,0,0,0
7097,"E",2019,"2019-06-05",11,1,"South West",144,"Bristol, City of","A420","Major","Midland Rd","Trinity Rd",359997,173312,51.45736300,-2.57714500,0.30,0.19,3,0,0,0,0,0,0,0,0,0,0,0,0
7097,"W",2019,"2019-06-05",14,1,"South West",144,"Bristol, City of","A420","Major","Midland Rd","Trinity Rd",359997,173312,51.45736300,-2.57714500,0.30,0.19,26,15,570,43,151,11,0,2,0,3,1,17,796
7097,"E",2019,"2019-06-05",8,1,"South West",144,"Bristol, City of","A420","Major","Midland Rd","Trinity Rd",359997,173312,51.45736300,-2.57714500,0.30,0.19,4,0,0,0,0,0,0,0,0,0,0,0,0
7097,"W",2019,"2019-06-05",11,1,"South West",144,"Bristol, City of","A420","Major","Midland Rd","Trinity Rd",359997,173312,51.45736300,-2.57714500,0.30,0.19,27,19,583,37,128,8,3,6,0,1,0,18,785
7097,"W",2019,"2019-06-05",7,1,"South West",144,"Bristol, City of","A420","Major","Midland Rd","Trinity Rd",359997,173312,51.45736300,-2.57714500,0.30,0.19,92,45,1018,37,257,10,5,2,0,0,1,18,1375
7097,"W",2019,"2019-06-05",12,1,"South West",144,"Bristol, City of","A420","Major","Midland Rd","Trinity Rd",359997,173312,51.45736300,-2.57714500,0.30,0.19,36,18,551,46,117,9,2,1,0,0,0,12,744
7097,"W",2019,"2019-06-05",18,1,"South West",144,"Bristol, City of","A420","Major","Midland Rd","Trinity Rd",359997,173312,51.45736300,-2.57714500,0.30,0.19,45,19,851,33,69,1,0,0,0,1,0,2,974
7097,"E",2019,"2019-06-05",14,1,"South West",144,"Bristol, City of","A420","Major","Midland Rd","Trinity Rd",359997,173312,51.45736300,-2.57714500,0.30,0.19,5,0,0,0,0,0,0,0,0,0,0,0,0
7097,"E",2019,"2019-06-05",17,1,"South West",144,"Bristol, City of","A420","Major","Midland Rd","Trinity Rd",359997,173312,51.45736300,-2.57714500,0.30,0.19,34,0,0,0,0,0,0,0,0,0,0,0,0
7097,"E",2019,"2019-06-05",9,1,"South West",144,"Bristol, City of","A420","Major","Midland Rd","Trinity Rd",359997,173312,51.45736300,-2.57714500,0.30,0.19,7,0,0,0,0,0,0,0,0,0,0,0,0
7097,"E",2019,"2019-06-05",16,1,"South West",144,"Bristol, City of","A420","Major","Midland Rd","Trinity Rd",359997,173312,51.45736300,-2.57714500,0.30,0.19,20,0,0,0,0,0,0,0,0,0,0,0,0
7097,"E",2019,"2019-06-05",12,1,"South West",144,"Bristol, City of","A420","Major","Midland Rd","Trinity Rd",359997,173312,51.45736300,-2.57714500,0.30,0.19,6,0,0,0,0,0,0,0,0,0,0,0,0
7097,"E",2019,"2019-06-05",15,1,"South West",144,"Bristol, City of","A420","Major","Midland Rd","Trinity Rd",359997,173312,51.45736300,-2.57714500,0.30,0.19,23,0,0,0,0,0,0,0,0,0,0,0,0
7097,"W",2019,"2019-06-05",17,1,"South West",144,"Bristol, City of","A420","Major","Midland Rd","Trinity Rd",359997,173312,51.45736300,-2.57714500,0.30,0.19,62,18,877,33,63,2,0,0,0,1,0,3,994
7097,"E",2019,"2019-06-05",10,1,"South West",144,"Bristol, City of","A420","Major","Midland Rd","Trinity Rd",359997,173312,51.45736300,-2.57714500,0.30,0.19,6,0,0,0,0,0,0,0,0,0,0,0,0
7097,"W",2019,"2019-06-05",15,1,"South West",144,"Bristol, City of","A420","Major","Midland Rd","Trinity Rd",359997,173312,51.45736300,-2.57714500,0.30,0.19,55,27,672,33,165,6,1,2,1,1,1,12,909
7097,"W",2019,"2019-06-05",9,1,"South West",144,"Bristol, City of","A420","Major","Midland Rd","Trinity Rd",359997,173312,51.45736300,-2.57714500,0.30,0.19,96,32,897,42,182,13,8,3,2,2,0,28,1181
7097,"W",2019,"2019-06-05",16,1,"South West",144,"Bristol, City of","A420","Major","Midland Rd","Trinity Rd",359997,173312,51.45736300,-2.57714500,0.30,0.19,39,28,827,34,126,2,0,0,0,0,1,3,1018
7127,"N",2019,"2019-04-03",14,1,"South West",68,"Wiltshire","A350","Major","B4158","M4 Jn 17",391180,175600,51.47928700,-2.12839600,4.50,2.80,1,1,886,5,182,37,1,9,2,27,16,92,1166
7127,"S",2019,"2019-04-03",12,1,"South West",68,"Wiltshire","A350","Major","B4158","M4 Jn 17",391180,175600,51.47928700,-2.12839600,4.50,2.80,0,1,723,3,230,38,13,9,6,22,24,112,1069
7127,"S",2019,"2019-04-03",16,1,"South West",68,"Wiltshire","A350","Major","B4158","M4 Jn 17",391180,175600,51.47928700,-2.12839600,4.50,2.80,1,11,1358,7,245,26,3,2,4,13,25,73,1694
7127,"N",2019,"2019-04-03",7,1,"South West",68,"Wiltshire","A350","Major","B4158","M4 Jn 17",391180,175600,51.47928700,-2.12839600,4.50,2.80,2,10,1634,6,263,39,10,6,1,28,4,88,2001
7127,"S",2019,"2019-04-03",18,1,"South West",68,"Wiltshire","A350","Major","B4158","M4 Jn 17",391180,175600,51.47928700,-2.12839600,4.50,2.80,0,4,1326,9,168,4,5,0,2,22,10,43,1550
7127,"N",2019,"2019-04-03",17,1,"South West",68,"Wiltshire","A350","Major","B4158","M4 Jn 17",391180,175600,51.47928700,-2.12839600,4.50,2.80,2,7,1497,5,170,19,7,3,8,23,13,73,1752
7127,"N",2019,"2019-04-03",16,1,"South West",68,"Wiltshire","A350","Major","B4158","M4 Jn 17",391180,175600,51.47928700,-2.12839600,4.50,2.80,0,3,1330,7,264,31,5,3,6,21,18,84,1688
7127,"S",2019,"2019-04-03",13,1,"South West",68,"Wiltshire","A350","Major","B4158","M4 Jn 17",391180,175600,51.47928700,-2.12839600,4.50,2.80,0,5,705,6,162,35,8,4,4,17,18,86,964
7127,"S",2019,"2019-04-03",14,1,"South West",68,"Wiltshire","A350","Major","B4158","M4 Jn 17",391180,175600,51.47928700,-2.12839600,4.50,2.80,0,3,850,8,209,21,7,3,1,21,19,72,1142
7127,"S",2019,"2019-04-03",8,1,"South West",68,"Wiltshire","A350","Major","B4158","M4 Jn 17",391180,175600,51.47928700,-2.12839600,4.50,2.80,2,6,1337,7,268,30,13,5,5,29,18,100,1718
7127,"N",2019,"2019-04-03",15,1,"South West",68,"Wiltshire","A350","Major","B4158","M4 Jn 17",391180,175600,51.47928700,-2.12839600,4.50,2.80,1,2,1044,15,282,52,12,4,7,28,12,115,1458
7127,"S",2019,"2019-04-03",7,1,"South West",68,"Wiltshire","A350","Major","B4158","M4 Jn 17",391180,175600,51.47928700,-2.12839600,4.50,2.80,0,4,1001,5,257,17,4,8,8,28,15,80,1347
7127,"S",2019,"2019-04-03",17,1,"South West",68,"Wiltshire","A350","Major","B4158","M4 Jn 17",391180,175600,51.47928700,-2.12839600,4.50,2.80,1,6,1610,5,204,10,9,1,0,19,15,54,1879
7127,"S",2019,"2019-04-03",10,1,"South West",68,"Wiltshire","A350","Major","B4158","M4 Jn 17",391180,175600,51.47928700,-2.12839600,4.50,2.80,3,0,702,3,216,34,12,6,13,24,20,109,1030
7127,"S",2019,"2019-04-03",11,1,"South West",68,"Wiltshire","A350","Major","B4158","M4 Jn 17",391180,175600,51.47928700,-2.12839600,4.50,2.80,0,0,744,4,191,18,4,8,5,20,27,82,1021
7127,"N",2019,"2019-04-03",10,1,"South West",68,"Wiltshire","A350","Major","B4158","M4 Jn 17",391180,175600,51.47928700,-2.12839600,4.50,2.80,0,2,676,6,188,29,6,6,12,30,17,100,972
7127,"N",2019,"2019-04-03",11,1,"South West",68,"Wiltshire","A350","Major","B4158","M4 Jn 17",391180,175600,51.47928700,-2.12839600,4.50,2.80,0,4,714,3,236,37,12,11,8,22,15,105,1062
7127,"N",2019,"2019-04-03",13,1,"South West",68,"Wiltshire","A350","Major","B4158","M4 Jn 17",391180,175600,51.47928700,-2.12839600,4.50,2.80,0,3,746,4,191,28,6,9,5,33,20,101,1045
7127,"S",2019,"2019-04-03",9,1,"South West",68,"Wiltshire","A350","Major","B4158","M4 Jn 17",391180,175600,51.47928700,-2.12839600,4.50,2.80,1,2,919,3,245,42,5,11,1,34,18,111,1280
7127,"N",2019,"2019-04-03",8,1,"South West",68,"Wiltshire","A350","Major","B4158","M4 Jn 17",391180,175600,51.47928700,-2.12839600,4.50,2.80,0,9,1507,11,236,33,7,11,5,37,9,102,1865
7127,"N",2019,"2019-04-03",9,1,"South West",68,"Wiltshire","A350","Major","B4158","M4 Jn 17",391180,175600,51.47928700,-2.12839600,4.50,2.80,0,2,863,21,216,29,7,12,10,40,16,114,1216
7127,"S",2019,"2019-04-03",15,1,"South West",68,"Wiltshire","A350","Major","B4158","M4 Jn 17",391180,175600,51.47928700,-2.12839600,4.50,2.80,1,2,1088,11,202,17,6,10,4,17,22,76,1379
7127,"N",2019,"2019-04-03",12,1,"South West",68,"Wiltshire","A350","Major","B4158","M4 Jn 17",391180,175600,51.47928700,-2.12839600,4.50,2.80,0,5,806,3,187,29,5,2,4,29,8,77,1078
7127,"N",2019,"2019-04-03",18,1,"South West",68,"Wiltshire","A350","Major","B4158","M4 Jn 17",391180,175600,51.47928700,-2.12839600,4.50,2.80,0,5,848,8,97,11,0,0,3,20,9,43,1001
7568,"E",2019,"2019-04-25",7,1,"South West",68,"Wiltshire","A3026","Major","A342","A338",424570,149740,51.24630800,-1.64937410,3.40,2.11,9,1,190,4,45,2,1,0,0,0,0,3,243
7568,"E",2019,"2019-04-25",15,1,"South West",68,"Wiltshire","A3026","Major","A342","A338",424570,149740,51.24630800,-1.64937410,3.40,2.11,0,0,172,6,18,3,3,0,0,0,0,6,202
7568,"W",2019,"2019-04-25",13,1,"South West",68,"Wiltshire","A3026","Major","A342","A338",424570,149740,51.24630800,-1.64937410,3.40,2.11,0,1,130,4,21,5,1,10,0,0,0,16,172
7568,"E",2019,"2019-04-25",12,1,"South West",68,"Wiltshire","A3026","Major","A342","A338",424570,149740,51.24630800,-1.64937410,3.40,2.11,0,1,106,4,25,5,5,0,0,0,0,10,146
7568,"E",2019,"2019-04-25",9,1,"South West",68,"Wiltshire","A3026","Major","A342","A338",424570,149740,51.24630800,-1.64937410,3.40,2.11,2,1,109,4,23,2,1,2,0,0,0,5,142
7568,"W",2019,"2019-04-25",16,1,"South West",68,"Wiltshire","A3026","Major","A342","A338",424570,149740,51.24630800,-1.64937410,3.40,2.11,0,0,199,5,36,0,0,0,0,0,0,0,240
7568,"E",2019,"2019-04-25",17,1,"South West",68,"Wiltshire","A3026","Major","A342","A338",424570,149740,51.24630800,-1.64937410,3.40,2.11,3,2,205,2,28,0,0,0,0,1,0,1,238
7568,"E",2019,"2019-04-25",18,1,"South West",68,"Wiltshire","A3026","Major","A342","A338",424570,149740,51.24630800,-1.64937410,3.40,2.11,3,4,184,5,22,0,0,0,0,0,0,0,215
7568,"W",2019,"2019-04-25",15,1,"South West",68,"Wiltshire","A3026","Major","A342","A338",424570,149740,51.24630800,-1.64937410,3.40,2.11,9,2,157,5,30,2,0,0,0,0,0,2,196
7568,"E",2019,"2019-04-25",10,1,"South West",68,"Wiltshire","A3026","Major","A342","A338",424570,149740,51.24630800,-1.64937410,3.40,2.11,1,0,90,4,23,2,1,3,0,0,0,6,123
7568,"E",2019,"2019-04-25",13,1,"South West",68,"Wiltshire","A3026","Major","A342","A338",424570,149740,51.24630800,-1.64937410,3.40,2.11,0,1,100,4,24,3,1,1,0,0,1,6,135
7568,"W",2019,"2019-04-25",17,1,"South West",68,"Wiltshire","A3026","Major","A342","A338",424570,149740,51.24630800,-1.64937410,3.40,2.11,1,0,202,5,21,2,0,0,0,0,0,2,230
7568,"E",2019,"2019-04-25",8,1,"South West",68,"Wiltshire","A3026","Major","A342","A338",424570,149740,51.24630800,-1.64937410,3.40,2.11,3,0,210,3,39,3,7,0,0,0,1,11,263
7568,"W",2019,"2019-04-25",14,1,"South West",68,"Wiltshire","A3026","Major","A342","A338",424570,149740,51.24630800,-1.64937410,3.40,2.11,1,4,146,4,36,1,3,8,0,0,0,12,202
7568,"W",2019,"2019-04-25",7,1,"South West",68,"Wiltshire","A3026","Major","A342","A338",424570,149740,51.24630800,-1.64937410,3.40,2.11,2,0,143,3,57,0,3,0,0,0,0,3,206
7568,"W",2019,"2019-04-25",8,1,"South West",68,"Wiltshire","A3026","Major","A342","A338",424570,149740,51.24630800,-1.64937410,3.40,2.11,2,1,187,4,27,9,4,0,0,0,0,13,232
7568,"W",2019,"2019-04-25",10,1,"South West",68,"Wiltshire","A3026","Major","A342","A338",424570,149740,51.24630800,-1.64937410,3.40,2.11,0,0,105,3,40,6,2,4,0,0,1,13,161
7568,"W",2019,"2019-04-25",12,1,"South West",68,"Wiltshire","A3026","Major","A342","A338",424570,149740,51.24630800,-1.64937410,3.40,2.11,0,0,98,4,36,3,5,0,0,0,0,8,146
7568,"E",2019,"2019-04-25",14,1,"South West",68,"Wiltshire","A3026","Major","A342","A338",424570,149740,51.24630800,-1.64937410,3.40,2.11,0,0,148,4,35,3,0,0,0,2,0,5,192
7568,"W",2019,"2019-04-25",9,1,"South West",68,"Wiltshire","A3026","Major","A342","A338",424570,149740,51.24630800,-1.64937410,3.40,2.11,0,0,131,4,21,4,2,2,3,0,0,11,167
7568,"W",2019,"2019-04-25",11,1,"South West",68,"Wiltshire","A3026","Major","A342","A338",424570,149740,51.24630800,-1.64937410,3.40,2.11,0,0,100,4,19,5,0,12,0,1,0,18,141
7568,"E",2019,"2019-04-25",11,1,"South West",68,"Wiltshire","A3026","Major","A342","A338",424570,149740,51.24630800,-1.64937410,3.40,2.11,1,0,127,4,35,2,2,0,0,0,0,4,170
7568,"E",2019,"2019-04-25",16,1,"South West",68,"Wiltshire","A3026","Major","A342","A338",424570,149740,51.24630800,-1.64937410,3.40,2.11,1,1,145,4,35,1,0,0,0,1,0,2,187
7568,"W",2019,"2019-04-25",18,1,"South West",68,"Wiltshire","A3026","Major","A342","A338",424570,149740,51.24630800,-1.64937410,3.40,2.11,2,0,172,3,17,0,0,0,0,0,0,0,192
7587,"N",2019,"2019-04-05",13,1,"South West",71,"Devon","A388","Major","A3072","A3072",234461,103445,50.80684700,-4.35081710,0.60,0.37,0,1,113,1,40,1,1,1,1,1,0,5,160
7587,"N",2019,"2019-04-05",15,1,"South West",71,"Devon","A388","Major","A3072","A3072",234461,103445,50.80684700,-4.35081710,0.60,0.37,0,1,204,3,54,4,2,0,3,1,0,10,272
7587,"N",2019,"2019-04-05",8,1,"South West",71,"Devon","A388","Major","A3072","A3072",234461,103445,50.80684700,-4.35081710,0.60,0.37,0,1,192,2,51,2,2,2,0,0,3,9,255
7587,"S",2019,"2019-04-05",9,1,"South West",71,"Devon","A388","Major","A3072","A3072",234461,103445,50.80684700,-4.35081710,0.60,0.37,0,0,119,1,41,4,2,1,3,2,1,13,174
7587,"S",2019,"2019-04-05",7,1,"South West",71,"Devon","A388","Major","A3072","A3072",234461,103445,50.80684700,-4.35081710,0.60,0.37,0,0,100,2,28,2,0,1,1,2,1,7,137
7587,"S",2019,"2019-04-05",18,1,"South West",71,"Devon","A388","Major","A3072","A3072",234461,103445,50.80684700,-4.35081710,0.60,0.37,0,0,140,2,38,2,1,0,1,0,0,4,184
7587,"S",2019,"2019-04-05",11,1,"South West",71,"Devon","A388","Major","A3072","A3072",234461,103445,50.80684700,-4.35081710,0.60,0.37,0,0,151,1,54,5,0,1,1,0,4,11,217
7587,"S",2019,"2019-04-05",10,1,"South West",71,"Devon","A388","Major","A3072","A3072",234461,103445,50.80684700,-4.35081710,0.60,0.37,0,1,151,0,32,5,0,0,0,2,1,8,192
7587,"S",2019,"2019-04-05",17,1,"South West",71,"Devon","A388","Major","A3072","A3072",234461,103445,50.80684700,-4.35081710,0.60,0.37,0,2,205,0,48,2,3,0,0,0,2,7,262
7587,"S",2019,"2019-04-05",12,1,"South West",71,"Devon","A388","Major","A3072","A3072",234461,103445,50.80684700,-4.35081710,0.60,0.37,0,1,166,0,46,3,2,2,2,0,3,12,225
7587,"N",2019,"2019-04-05",11,1,"South West",71,"Devon","A388","Major","A3072","A3072",234461,103445,50.80684700,-4.35081710,0.60,0.37,0,0,160,0,34,4,1,2,1,1,3,12,206
7587,"N",2019,"2019-04-05",16,1,"South West",71,"Devon","A388","Major","A3072","A3072",234461,103445,50.80684700,-4.35081710,0.60,0.37,0,1,181,0,35,1,0,2,0,1,2,6,223
7587,"N",2019,"2019-04-05",10,1,"South West",71,"Devon","A388","Major","A3072","A3072",234461,103445,50.80684700,-4.35081710,0.60,0.37,0,0,164,1,47,6,1,3,1,0,1,12,224
7587,"N",2019,"2019-04-05",12,1,"South West",71,"Devon","A388","Major","A3072","A3072",234461,103445,50.80684700,-4.35081710,0.60,0.37,0,1,132,1,30,3,2,4,0,0,1,10,174
7587,"S",2019,"2019-04-05",13,1,"South West",71,"Devon","A388","Major","A3072","A3072",234461,103445,50.80684700,-4.35081710,0.60,0.37,0,0,156,1,38,2,1,1,2,1,1,8,203
7587,"S",2019,"2019-04-05",15,1,"South West",71,"Devon","A388","Major","A3072","A3072",234461,103445,50.80684700,-4.35081710,0.60,0.37,0,1,201,2,47,3,1,0,1,0,0,5,256
7587,"S",2019,"2019-04-05",16,1,"South West",71,"Devon","A388","Major","A3072","A3072",234461,103445,50.80684700,-4.35081710,0.60,0.37,0,0,171,1,50,2,2,1,0,0,0,5,227